patient_count,previous_consumption,current_stock,day_of_week,month,emergency_flag,medicine,consumption
238,29.0,439.0,3,9,1,Paracetamol,99.3
238,28.0,407.0,3,9,1,Amoxicillin,60.8
238,37.0,476.0,3,9,1,Azithromycin,52.7
238,43.0,337.0,3,9,1,Ibuprofen,60.5
238,26.0,317.0,3,9,1,ORS,92.7
193,99.3,339.7,4,9,0,Paracetamol,68.4
193,60.8,346.2,4,9,0,Amoxicillin,43.5
193,52.7,423.3,4,9,0,Azithromycin,35.4
193,60.5,276.5,4,9,0,Ibuprofen,39.7
193,92.7,224.3,4,9,0,ORS,64.5
172,68.4,271.3,5,9,0,Paracetamol,58.5
172,43.5,302.7,5,9,0,Amoxicillin,36.9
172,35.4,387.9,5,9,0,Azithromycin,30.0
172,39.7,236.8,5,9,0,Ibuprofen,35.1
172,64.5,159.8,5,9,0,ORS,57.0
143,58.5,212.8,6,9,0,Paracetamol,50.2
143,36.9,265.8,6,9,0,Amoxicillin,30.6
143,30.0,357.9,6,9,0,Azithromycin,23.7
143,35.1,201.7,6,9,0,Ibuprofen,27.9
143,57.0,102.8,6,9,0,ORS,46.9
182,50.2,162.6,0,9,0,Paracetamol,59.8
182,30.6,235.2,0,9,0,Amoxicillin,36.8
182,23.7,334.2,0,9,0,Azithromycin,31.6
182,27.9,173.8,0,9,0,Ibuprofen,34.2
182,46.9,484.9,0,9,0,ORS,55.9
170,59.8,102.8,1,9,0,Paracetamol,59.2
170,36.8,198.4,1,9,0,Amoxicillin,35.2
170,31.6,302.6,1,9,0,Azithromycin,29.8
170,34.2,139.6,1,9,0,Ibuprofen,33.5
170,55.9,429.0,1,9,0,ORS,54.7
174,59.2,359.6,2,9,0,Paracetamol,58.9
174,35.2,163.2,2,9,0,Amoxicillin,34.6
174,29.8,272.8,2,9,0,Azithromycin,28.8
174,33.5,106.1,2,9,0,Ibuprofen,34.5
174,54.7,374.3,2,9,0,ORS,55.6
175,58.9,300.7,3,9,0,Paracetamol,59.0
175,34.6,128.6,3,9,0,Amoxicillin,36.4
175,28.8,244.0,3,9,0,Azithromycin,28.8
175,34.5,498.6,3,9,0,Ibuprofen,32.9
175,55.6,318.7,3,9,0,ORS,55.9
269,59.0,241.7,4,9,1,Paracetamol,116.1
269,36.4,92.2,4,9,1,Amoxicillin,69.7
269,28.8,215.2,4,9,1,Azithromycin,58.2
269,32.9,465.7,4,9,1,Ibuprofen,65.1
269,55.9,262.8,4,9,1,ORS,109.5
179,116.1,125.6,5,9,0,Paracetamol,68.9
179,69.7,469.5,5,9,0,Amoxicillin,41.3
179,58.2,157.0,5,9,0,Azithromycin,35.1
179,65.1,400.6,5,9,0,Ibuprofen,37.2
179,109.5,153.3,5,9,0,ORS,63.8
150,68.9,422.7,6,9,0,Paracetamol,53.7
150,41.3,428.2,6,9,0,Amoxicillin,32.7
150,35.1,121.9,6,9,0,Azithromycin,27.5
150,37.2,363.4,6,9,0,Ibuprofen,30.6
150,63.8,478.5,6,9,0,ORS,49.2
198,53.7,369.0,0,9,0,Paracetamol,65.7
198,32.7,395.5,0,9,0,Amoxicillin,40.0
198,27.5,94.4,0,9,0,Azithromycin,33.8
198,30.6,332.8,0,9,0,Ibuprofen,37.6
198,49.2,429.3,0,9,0,ORS,61.7
170,65.7,303.3,1,9,0,Paracetamol,58.5
170,40.0,355.5,1,9,0,Amoxicillin,35.8
170,33.8,393.6,1,9,0,Azithromycin,29.9
170,37.6,295.2,1,9,0,Ibuprofen,32.9
170,61.7,367.6,1,9,0,ORS,55.2
248,58.5,244.8,2,9,1,Paracetamol,107.5
248,35.8,319.7,2,9,1,Amoxicillin,64.0
248,29.9,363.7,2,9,1,Azithromycin,53.5
248,32.9,262.3,2,9,1,Ibuprofen,60.4
248,55.2,312.4,2,9,1,ORS,98.6
173,107.5,137.3,3,9,0,Paracetamol,64.5
173,64.0,255.7,3,9,0,Amoxicillin,40.9
173,53.5,310.2,3,9,0,Azithromycin,32.3
173,60.4,201.9,3,9,0,Ibuprofen,36.8
173,98.6,213.8,3,9,0,ORS,60.4
187,27.0,352.0,3,9,0,Paracetamol,59.3
187,40.0,388.0,3,9,0,Amoxicillin,38.2
187,27.0,450.0,3,9,0,Azithromycin,31.1
187,43.0,367.0,3,9,0,Ibuprofen,36.8
187,40.0,348.0,3,9,0,ORS,58.0
287,59.3,292.7,4,9,1,Paracetamol,124.4
287,38.2,349.8,4,9,1,Amoxicillin,74.5
287,31.1,418.9,4,9,1,Azithromycin,63.5
287,36.8,330.2,4,9,1,Ibuprofen,69.4
287,58.0,290.0,4,9,1,ORS,113.4
273,124.4,168.3,5,9,1,Paracetamol,124.8
273,74.5,275.3,5,9,1,Amoxicillin,75.6
273,63.5,355.4,5,9,1,Azithromycin,62.9
273,69.4,260.8,5,9,1,Ibuprofen,70.9
273,113.4,176.6,5,9,1,ORS,116.1
168,124.8,445.5,6,9,0,Paracetamol,65.5
168,75.6,199.7,6,9,0,Amoxicillin,40.3
168,62.9,292.5,6,9,0,Azithromycin,33.9
168,70.9,189.9,6,9,0,Ibuprofen,37.7
168,116.1,401.5,6,9,0,ORS,61.8
208,65.5,380.0,0,9,0,Paracetamol,71.0
208,40.3,159.4,0,9,0,Amoxicillin,42.7
208,33.9,258.6,0,9,0,Azithromycin,35.2
208,37.7,152.2,0,9,0,Ibuprofen,39.8
208,61.8,339.7,0,9,0,ORS,67.5
198,71.0,309.0,1,9,0,Paracetamol,67.8
198,42.7,116.7,1,9,0,Amoxicillin,39.8
198,35.2,223.4,1,9,0,Azithromycin,33.9
198,39.8,112.4,1,9,0,Ibuprofen,37.0
198,67.5,272.2,1,9,0,ORS,64.5
186,67.8,241.2,2,9,0,Paracetamol,65.1
186,39.8,389.9,2,9,0,Amoxicillin,39.1
186,33.9,189.5,2,9,0,Azithromycin,31.6
186,37.0,440.4,2,9,0,Ibuprofen,36.9
186,64.5,207.7,2,9,0,ORS,58.5
195,65.1,176.1,3,9,0,Paracetamol,66.7
195,39.1,350.8,3,9,0,Amoxicillin,39.4
195,31.6,157.9,3,9,0,Azithromycin,32.4
195,36.9,403.5,3,9,0,Ibuprofen,38.8
195,58.5,149.2,3,9,0,ORS,61.4
287,66.7,109.4,4,9,1,Paracetamol,124.5
287,39.4,311.4,4,9,1,Amoxicillin,72.9
287,32.4,125.5,4,9,1,Azithromycin,61.2
287,38.8,364.7,4,9,1,Ibuprofen,71.4
287,61.4,493.8,4,9,1,ORS,115.7
198,124.5,345.9,5,9,0,Paracetamol,75.0
198,72.9,238.5,5,9,0,Amoxicillin,44.8
198,61.2,498.3,5,9,0,Azithromycin,36.7
198,71.4,293.3,5,9,0,Ibuprofen,42.6
198,115.7,378.1,5,9,0,ORS,69.2
226,75.0,270.9,6,9,1,Paracetamol,101.3
226,44.8,193.7,6,9,1,Amoxicillin,59.5
226,36.7,461.6,6,9,1,Azithromycin,50.2
226,42.6,250.7,6,9,1,Ibuprofen,56.6
226,69.2,308.9,6,9,1,ORS,93.6
210,101.3,169.6,0,9,0,Paracetamol,75.5
210,59.5,134.2,0,9,0,Amoxicillin,45.8
210,50.2,411.4,0,9,0,Azithromycin,38.9
210,56.6,194.1,0,9,0,Ibuprofen,42.3
210,93.6,215.3,0,9,0,ORS,71.2
207,75.5,94.1,1,9,0,Paracetamol,71.4
207,45.8,395.4,1,9,0,Amoxicillin,41.8
207,38.9,372.5,1,9,0,Azithromycin,34.0
207,42.3,151.8,1,9,0,Ibuprofen,41.1
207,71.2,144.1,1,9,0,ORS,67.6
182,71.4,377.7,2,9,0,Paracetamol,61.6
182,41.8,353.6,2,9,0,Amoxicillin,37.6
182,34.0,338.5,2,9,0,Azithromycin,31.0
182,41.1,110.7,2,9,0,Ibuprofen,36.8
182,67.6,391.5,2,9,0,ORS,59.4
185,61.6,316.1,3,9,0,Paracetamol,62.3
185,37.6,316.0,3,9,0,Amoxicillin,38.1
185,31.0,307.5,3,9,0,Azithromycin,29.7
185,36.8,519.9,3,9,0,Ibuprofen,36.2
185,59.4,332.1,3,9,0,ORS,58.4
159,30.0,251.0,3,9,0,Paracetamol,52.9
159,24.0,390.0,3,9,0,Amoxicillin,31.6
159,34.0,422.0,3,9,0,Azithromycin,29.1
159,25.0,455.0,3,9,0,Ibuprofen,30.6
159,35.0,456.0,3,9,0,ORS,48.9
152,52.9,198.1,4,9,0,Paracetamol,52.2
152,31.6,358.4,4,9,0,Amoxicillin,31.3
152,29.1,392.9,4,9,0,Azithromycin,26.8
152,30.6,424.4,4,9,0,Ibuprofen,29.4
152,48.9,407.1,4,9,0,ORS,48.0
149,52.2,145.9,5,9,0,Paracetamol,51.1
149,31.3,327.1,5,9,0,Amoxicillin,30.8
149,26.8,366.1,5,9,0,Azithromycin,23.8
149,29.4,395.0,5,9,0,Ibuprofen,28.7
149,48.0,359.1,5,9,0,ORS,47.8
120,51.1,94.8,6,9,0,Paracetamol,43.3
120,30.8,296.3,6,9,0,Amoxicillin,25.4
120,23.8,342.3,6,9,0,Azithromycin,21.2
120,28.7,366.3,6,9,0,Ibuprofen,23.8
120,47.8,311.3,6,9,0,ORS,40.5
172,43.3,399.5,0,9,0,Paracetamol,56.2
172,25.4,270.9,0,9,0,Amoxicillin,33.6
172,21.2,321.1,0,9,0,Azithromycin,28.1
172,23.8,342.5,0,9,0,Ibuprofen,33.5
172,40.5,270.8,0,9,0,ORS,53.9
153,56.2,343.3,1,9,0,Paracetamol,53.1
153,33.6,237.3,1,9,0,Amoxicillin,31.4
153,28.1,293.0,1,9,0,Azithromycin,27.1
153,33.5,309.0,1,9,0,Ibuprofen,29.6
153,53.9,216.9,1,9,0,ORS,51.3
162,53.1,290.2,2,9,0,Paracetamol,55.7
162,31.4,205.9,2,9,0,Amoxicillin,34.1
162,27.1,265.9,2,9,0,Azithromycin,27.4
162,29.6,279.4,2,9,0,Ibuprofen,30.6
162,51.3,165.6,2,9,0,ORS,51.5
213,55.7,234.5,3,9,1,Paracetamol,92.5
213,34.1,171.8,3,9,1,Amoxicillin,57.3
213,27.4,238.5,3,9,1,Azithromycin,46.0
213,30.6,248.8,3,9,1,Ibuprofen,53.3
213,51.5,114.1,3,9,1,ORS,85.7
176,92.5,142.0,4,9,0,Paracetamol,64.0
176,57.3,114.5,4,9,0,Amoxicillin,38.9
176,46.0,192.5,4,9,0,Azithromycin,33.2
176,53.3,195.5,4,9,0,Ibuprofen,36.1
176,85.7,450.4,4,9,0,ORS,60.9
156,64.0,485.0,5,9,0,Paracetamol,55.3
156,38.9,385.6,5,9,0,Amoxicillin,33.0
156,33.2,159.3,5,9,0,Azithromycin,26.8
156,36.1,159.4,5,9,0,Ibuprofen,31.2
156,60.9,389.5,5,9,0,ORS,51.0
134,55.3,429.7,6,9,0,Paracetamol,46.5
134,33.0,352.6,6,9,0,Amoxicillin,28.3
134,26.8,132.5,6,9,0,Azithromycin,23.1
134,31.2,128.2,6,9,0,Ibuprofen,27.1
134,51.0,338.5,6,9,0,ORS,42.8
169,46.5,383.2,0,9,0,Paracetamol,55.3
169,28.3,324.3,0,9,0,Amoxicillin,33.5
169,23.1,109.4,0,9,0,Azithromycin,28.4
169,27.1,101.1,0,9,0,Ibuprofen,32.2
169,42.8,295.7,0,9,0,ORS,52.7
228,55.3,327.9,1,9,1,Paracetamol,100.1
228,33.5,290.8,1,9,1,Amoxicillin,59.1
228,28.4,466.0,1,9,1,Azithromycin,49.4
228,32.2,505.9,1,9,1,Ibuprofen,55.7
228,52.7,243.0,1,9,1,ORS,92.9
157,100.1,227.8,2,9,0,Paracetamol,58.7
157,59.1,231.7,2,9,0,Amoxicillin,35.9
157,49.4,416.6,2,9,0,Azithromycin,30.3
157,55.7,450.2,2,9,0,Ibuprofen,34.4
157,92.9,150.1,2,9,0,ORS,55.2
167,58.7,169.1,3,9,0,Paracetamol,57.3
167,35.9,195.8,3,9,0,Amoxicillin,33.8
167,30.3,386.3,3,9,0,Azithromycin,28.8
167,34.4,415.8,3,9,0,Ibuprofen,32.1
167,55.2,94.9,3,9,0,ORS,53.1
155,16.0,300.0,3,9,0,Paracetamol,47.3
155,44.0,430.0,3,9,0,Amoxicillin,32.6
155,24.0,467.0,3,9,0,Azithromycin,26.3
155,34.0,376.0,3,9,0,Ibuprofen,29.5
155,22.0,289.0,3,9,0,ORS,45.3
163,47.3,252.7,4,9,0,Paracetamol,55.5
163,32.6,397.4,4,9,0,Amoxicillin,34.4
163,26.3,440.7,4,9,0,Azithromycin,28.0
163,29.5,346.5,4,9,0,Ibuprofen,30.4
163,45.3,243.7,4,9,0,ORS,50.7
147,55.5,197.2,5,9,0,Paracetamol,48.9
147,34.4,363.0,5,9,0,Amoxicillin,30.7
147,28.0,412.7,5,9,0,Azithromycin,25.7
147,30.4,316.1,5,9,0,Ibuprofen,29.1
147,50.7,193.0,5,9,0,ORS,46.3
134,48.9,148.3,6,9,0,Paracetamol,44.7
134,30.7,332.3,6,9,0,Amoxicillin,27.4
134,25.7,387.0,6,9,0,Azithromycin,22.5
134,29.1,287.0,6,9,0,Ibuprofen,25.9
134,46.3,146.7,6,9,0,ORS,42.8
182,44.7,103.6,0,9,0,Paracetamol,59.4
182,27.4,304.9,0,9,0,Amoxicillin,35.4
182,22.5,364.5,0,9,0,Azithromycin,30.2
182,25.9,261.1,0,9,0,Ibuprofen,34.5
182,42.8,103.9,0,9,0,ORS,56.0
221,59.4,355.2,1,9,1,Paracetamol,97.3
221,35.4,269.5,1,9,1,Amoxicillin,57.7
221,30.2,334.3,1,9,1,Azithromycin,48.4
221,34.5,226.6,1,9,1,Ibuprofen,55.8
221,56.0,470.9,1,9,1,ORS,89.2
156,97.3,257.9,2,9,0,Paracetamol,59.1
156,57.7,211.8,2,9,0,Amoxicillin,34.9
156,48.4,285.9,2,9,0,Azithromycin,29.9
156,55.8,170.8,2,9,0,Ibuprofen,33.7
156,89.2,381.7,2,9,0,ORS,53.9
148,59.1,198.8,3,9,0,Paracetamol,50.5
148,34.9,176.9,3,9,0,Amoxicillin,30.3
148,29.9,256.0,3,9,0,Azithromycin,25.3
148,33.7,137.1,3,9,0,Ibuprofen,28.4
148,53.9,327.8,3,9,0,ORS,48.1
182,50.5,148.3,4,9,0,Paracetamol,58.1
182,30.3,146.6,4,9,0,Amoxicillin,36.1
182,25.3,230.7,4,9,0,Azithromycin,29.7
182,28.4,108.7,4,9,0,Ibuprofen,33.8
182,48.1,279.7,4,9,0,ORS,57.6
144,58.1,90.2,5,9,0,Paracetamol,50.7
144,36.1,110.5,5,9,0,Amoxicillin,29.6
144,29.7,201.0,5,9,0,Azithromycin,25.4
144,33.8,410.9,5,9,0,Ibuprofen,29.1
144,57.6,222.1,5,9,0,ORS,47.2
123,50.7,487.5,6,9,0,Paracetamol,43.1
123,29.6,408.9,6,9,0,Amoxicillin,25.8
123,25.4,175.6,6,9,0,Azithromycin,20.3
123,29.1,381.8,6,9,0,Ibuprofen,23.2
123,47.2,174.9,6,9,0,ORS,40.1
170,43.1,444.4,0,9,0,Paracetamol,56.1
170,25.8,383.1,0,9,0,Amoxicillin,32.9
170,20.3,155.3,0,9,0,Azithromycin,28.9
170,23.2,358.6,0,9,0,Ibuprofen,32.8
170,40.1,134.8,0,9,0,ORS,52.5
153,56.1,388.3,1,9,0,Paracetamol,53.2
153,32.9,350.2,1,9,0,Amoxicillin,31.7
153,28.9,126.4,1,9,0,Azithromycin,27.2
153,32.8,325.8,1,9,0,Ibuprofen,29.5
153,52.5,404.3,1,9,0,ORS,49.7
153,53.2,335.1,2,9,0,Paracetamol,53.2
153,31.7,318.5,2,9,0,Amoxicillin,31.0
153,27.2,99.2,2,9,0,Azithromycin,24.1
153,29.5,296.3,2,9,0,Ibuprofen,28.0
153,49.7,354.6,2,9,0,ORS,48.8
154,53.2,281.9,3,9,0,Paracetamol,53.0
154,31.0,287.5,3,9,0,Amoxicillin,31.8
154,24.1,497.1,3,9,0,Azithromycin,25.6
154,28.0,268.3,3,9,0,Ibuprofen,30.0
154,48.8,305.8,3,9,0,ORS,49.7
173,29.0,323.0,3,9,0,Paracetamol,56.6
173,33.0,375.0,3,9,0,Amoxicillin,34.8
173,19.0,280.0,3,9,0,Azithromycin,27.0
173,32.0,405.0,3,9,0,Ibuprofen,32.8
173,19.0,389.0,3,9,0,ORS,51.9
189,56.6,266.4,4,9,0,Paracetamol,63.8
189,34.8,340.2,4,9,0,Amoxicillin,37.7
189,27.0,253.0,4,9,0,Azithromycin,32.4
189,32.8,372.2,4,9,0,Ibuprofen,36.5
189,51.9,337.1,4,9,0,ORS,59.7
155,63.8,202.6,5,9,0,Paracetamol,53.7
155,37.7,302.5,5,9,0,Amoxicillin,33.4
155,32.4,220.6,5,9,0,Azithromycin,27.9
155,36.5,335.7,5,9,0,Ibuprofen,30.6
155,59.7,277.4,5,9,0,ORS,50.5
142,53.7,148.9,6,9,0,Paracetamol,49.1
142,33.4,269.1,6,9,0,Amoxicillin,30.2
142,27.9,192.7,6,9,0,Azithromycin,24.3
142,30.6,305.1,6,9,0,Ibuprofen,29.2
142,50.5,226.9,6,9,0,ORS,46.0
177,49.1,99.8,0,9,0,Paracetamol,59.4
177,30.2,238.9,0,9,0,Amoxicillin,35.9
177,24.3,168.4,0,9,0,Azithromycin,29.2
177,29.2,275.9,0,9,0,Ibuprofen,34.3
177,46.0,180.9,0,9,0,ORS,55.1
168,59.4,345.4,1,9,0,Paracetamol,57.4
168,35.9,203.0,1,9,0,Amoxicillin,34.3
168,29.2,139.2,1,9,0,Azithromycin,29.3
168,34.3,241.6,1,9,0,Ibuprofen,32.3
168,55.1,125.8,1,9,0,ORS,52.9
158,57.4,288.0,2,9,0,Paracetamol,54.2
158,34.3,168.7,2,9,0,Amoxicillin,32.7
158,29.3,109.9,2,9,0,Azithromycin,27.1
158,32.3,209.3,2,9,0,Ibuprofen,30.2
158,52.9,494.9,2,9,0,ORS,50.8
161,54.2,233.8,3,9,0,Paracetamol,53.3
161,32.7,136.0,3,9,0,Amoxicillin,33.6
161,27.1,384.8,3,9,0,Azithromycin,26.6
161,30.2,179.1,3,9,0,Ibuprofen,31.7
161,50.8,444.1,3,9,0,ORS,51.0
178,53.3,180.5,4,9,0,Paracetamol,60.8
178,33.6,102.4,4,9,0,Amoxicillin,35.3
178,26.6,358.2,4,9,0,Azithromycin,29.2
178,31.7,147.4,4,9,0,Ibuprofen,35.5
178,51.0,393.1,4,9,0,ORS,55.6
160,60.8,119.7,5,9,0,Paracetamol,54.9
160,35.3,482.1,5,9,0,Amoxicillin,33.1
160,29.2,329.0,5,9,0,Azithromycin,29.1
160,35.5,111.9,5,9,0,Ibuprofen,30.6
160,55.6,337.5,5,9,0,ORS,51.9
141,54.9,389.8,6,9,0,Paracetamol,50.6
141,33.1,449.0,6,9,0,Amoxicillin,28.9
141,29.1,299.9,6,9,0,Azithromycin,25.1
141,30.6,383.3,6,9,0,Ibuprofen,26.3
141,51.9,285.6,6,9,0,ORS,46.5
192,50.6,339.2,0,9,0,Paracetamol,64.3
192,28.9,420.1,0,9,0,Amoxicillin,39.0
192,25.1,274.8,0,9,0,Azithromycin,31.6
192,26.3,357.0,0,9,0,Ibuprofen,35.4
192,46.5,239.1,0,9,0,ORS,58.6
162,64.3,274.9,1,9,0,Paracetamol,55.7
162,39.0,381.1,1,9,0,Amoxicillin,34.6
162,31.6,243.2,1,9,0,Azithromycin,27.5
162,35.4,321.6,1,9,0,Ibuprofen,31.7
162,58.6,180.5,1,9,0,ORS,51.8
169,55.7,219.2,2,9,0,Paracetamol,56.1
169,34.6,346.5,2,9,0,Amoxicillin,33.5
169,27.5,215.7,2,9,0,Azithromycin,28.8
169,31.7,289.9,2,9,0,Ibuprofen,31.6
169,51.8,128.7,2,9,0,ORS,54.2
157,56.1,163.1,3,9,0,Paracetamol,54.5
157,33.5,313.0,3,9,0,Amoxicillin,32.1
157,28.8,186.9,3,9,0,Azithromycin,26.9
157,31.6,258.3,3,9,0,Ibuprofen,29.9
157,54.2,440.5,3,9,0,ORS,51.0
165,22.0,341.0,3,9,0,Paracetamol,51.0
165,22.0,447.0,3,9,0,Amoxicillin,32.6
165,24.0,417.0,3,9,0,Azithromycin,27.7
165,26.0,331.0,3,9,0,Ibuprofen,30.8
165,38.0,416.0,3,9,0,ORS,52.0
187,51.0,290.0,4,9,0,Paracetamol,62.9
187,32.6,414.4,4,9,0,Amoxicillin,37.5
187,27.7,389.3,4,9,0,Azithromycin,30.7
187,30.8,300.2,4,9,0,Ibuprofen,35.6
187,52.0,364.0,4,9,0,ORS,57.6
164,62.9,227.1,5,9,0,Paracetamol,58.3
164,37.5,376.9,5,9,0,Amoxicillin,33.6
164,30.7,358.6,5,9,0,Azithromycin,29.2
164,35.6,264.6,5,9,0,Ibuprofen,32.2
164,57.6,306.4,5,9,0,ORS,53.3
146,58.3,168.8,6,9,0,Paracetamol,50.3
146,33.6,343.3,6,9,0,Amoxicillin,31.1
146,29.2,329.4,6,9,0,Azithromycin,24.3
146,32.2,232.4,6,9,0,Ibuprofen,29.0
146,53.3,253.1,6,9,0,ORS,47.7
176,50.3,118.5,0,9,0,Paracetamol,58.7
176,31.1,312.2,0,9,0,Amoxicillin,35.6
176,24.3,305.1,0,9,0,Azithromycin,30.7
176,29.0,203.4,0,9,0,Ibuprofen,33.2
176,47.7,205.4,0,9,0,ORS,55.2
166,58.7,402.8,1,9,0,Paracetamol,55.5
166,35.6,276.6,1,9,0,Amoxicillin,34.5
166,30.7,274.4,1,9,0,Azithromycin,28.5
166,33.2,170.2,1,9,0,Ibuprofen,33.3
166,55.2,150.2,1,9,0,ORS,53.1
166,55.5,347.3,2,9,0,Paracetamol,57.5
166,34.5,242.1,2,9,0,Amoxicillin,34.2
166,28.5,245.9,2,9,0,Azithromycin,28.9
166,33.3,136.9,2,9,0,Ibuprofen,32.6
166,53.1,97.1,2,9,0,ORS,53.0
153,57.5,289.8,3,9,0,Paracetamol,52.7
153,34.2,207.9,3,9,0,Amoxicillin,31.9
153,28.9,217.0,3,9,0,Azithromycin,26.6
153,32.6,104.3,3,9,0,Ibuprofen,29.6
153,53.0,374.1,3,9,0,ORS,49.3
181,52.7,237.1,4,9,0,Paracetamol,59.7
181,31.9,176.0,4,9,0,Amoxicillin,37.0
181,26.6,190.4,4,9,0,Azithromycin,31.4
181,29.6,396.7,4,9,0,Ibuprofen,36.1
181,49.3,324.8,4,9,0,ORS,56.3
149,59.7,177.4,5,9,0,Paracetamol,51.1
149,37.0,139.0,5,9,0,Amoxicillin,31.8
149,31.4,159.0,5,9,0,Azithromycin,26.1
149,36.1,360.6,5,9,0,Ibuprofen,28.9
149,56.3,268.5,5,9,0,ORS,48.5
147,51.1,126.3,6,9,0,Paracetamol,50.8
147,31.8,107.2,6,9,0,Amoxicillin,30.1
147,26.1,132.9,6,9,0,Azithromycin,25.1
147,28.9,331.7,6,9,0,Ibuprofen,29.0
147,48.5,220.0,6,9,0,ORS,47.3
190,50.8,465.5,0,9,0,Paracetamol,63.2
190,30.1,507.1,0,9,0,Amoxicillin,37.7
190,25.1,107.8,0,9,0,Azithromycin,30.0
190,29.0,302.7,0,9,0,Ibuprofen,36.7
190,47.3,172.7,0,9,0,ORS,58.4
172,63.2,402.3,1,9,0,Paracetamol,60.3
172,37.7,469.4,1,9,0,Amoxicillin,35.5
172,30.0,493.8,1,9,0,Azithromycin,28.4
172,36.7,266.0,1,9,0,Ibuprofen,34.3
172,58.4,114.3,1,9,0,ORS,55.4
174,60.3,342.0,2,9,0,Paracetamol,59.6
174,35.5,433.9,2,9,0,Amoxicillin,35.3
174,28.4,465.4,2,9,0,Azithromycin,30.3
174,34.3,231.7,2,9,0,Ibuprofen,33.4
174,55.4,388.9,2,9,0,ORS,54.5
155,59.6,282.4,3,9,0,Paracetamol,53.4
155,35.3,398.6,3,9,0,Amoxicillin,31.2
155,30.3,435.1,3,9,0,Azithromycin,27.4
155,33.4,198.3,3,9,0,Ibuprofen,30.9
155,54.5,334.4,3,9,0,ORS,51.2
154,17.0,261.0,3,9,0,Paracetamol,49.2
154,18.0,378.0,3,9,0,Amoxicillin,30.3
154,23.0,284.0,3,9,0,Azithromycin,26.3
154,35.0,340.0,3,9,0,Ibuprofen,32.8
154,42.0,379.0,3,9,0,ORS,46.7
181,49.2,211.8,4,9,0,Paracetamol,60.2
181,30.3,347.7,4,9,0,Amoxicillin,35.5
181,26.3,257.7,4,9,0,Azithromycin,31.8
181,32.8,307.2,4,9,0,Ibuprofen,34.7
181,46.7,332.3,4,9,0,ORS,55.4
148,60.2,151.6,5,9,0,Paracetamol,52.2
148,35.5,312.2,5,9,0,Amoxicillin,30.5
148,31.8,225.9,5,9,0,Azithromycin,25.6
148,34.7,272.5,5,9,0,Ibuprofen,29.2
148,55.4,276.9,5,9,0,ORS,48.3
126,52.2,99.4,6,9,0,Paracetamol,44.1
126,30.5,281.7,6,9,0,Amoxicillin,26.7
126,25.6,200.3,6,9,0,Azithromycin,22.1
126,29.2,243.3,6,9,0,Ibuprofen,25.2
126,48.3,228.6,6,9,0,ORS,40.7
156,44.1,355.3,0,9,0,Paracetamol,52.5
156,26.7,255.0,0,9,0,Amoxicillin,33.4
156,22.1,178.2,0,9,0,Azithromycin,26.7
156,25.2,218.1,0,9,0,Ibuprofen,30.1
156,40.7,187.9,0,9,0,ORS,50.0
149,52.5,302.8,1,9,0,Paracetamol,51.0
149,33.4,221.6,1,9,0,Amoxicillin,30.5
149,26.7,151.5,1,9,0,Azithromycin,24.2
149,30.1,188.0,1,9,0,Ibuprofen,29.0
149,50.0,137.9,1,9,0,ORS,48.1
149,51.0,251.8,2,9,0,Paracetamol,51.1
149,30.5,191.1,2,9,0,Amoxicillin,29.8
149,24.2,127.3,2,9,0,Azithromycin,25.1
149,29.0,159.0,2,9,0,Ibuprofen,28.8
149,48.1,402.8,2,9,0,ORS,47.6
155,51.1,200.7,3,9,0,Paracetamol,52.4
155,29.8,161.3,3,9,0,Amoxicillin,31.3
155,25.1,102.2,3,9,0,Azithromycin,26.6
155,28.8,130.2,3,9,0,Ibuprofen,30.5
155,47.6,355.2,3,9,0,ORS,49.0
184,52.4,148.3,4,9,0,Paracetamol,61.5
184,31.3,130.0,4,9,0,Amoxicillin,36.6
184,26.6,475.6,4,9,0,Azithromycin,30.6
184,30.5,99.7,4,9,0,Ibuprofen,34.9
184,49.0,306.2,4,9,0,ORS,57.6
146,61.5,391.8,5,9,0,Paracetamol,52.3
146,36.6,93.4,5,9,0,Amoxicillin,31.1
146,30.6,445.0,5,9,0,Azithromycin,25.8
146,34.9,393.8,5,9,0,Ibuprofen,28.6
146,57.6,248.6,5,9,0,ORS,48.3
130,52.3,339.5,6,9,0,Paracetamol,46.2
130,31.1,365.3,6,9,0,Amoxicillin,28.9
130,25.8,419.2,6,9,0,Azithromycin,21.4
130,28.6,365.2,6,9,0,Ibuprofen,25.2
130,48.3,200.3,6,9,0,ORS,43.0
163,46.2,293.3,0,9,0,Paracetamol,53.7
163,28.9,336.4,0,9,0,Amoxicillin,33.2
163,21.4,397.8,0,9,0,Azithromycin,25.9
163,25.2,340.0,0,9,0,Ibuprofen,30.7
163,43.0,157.3,0,9,0,ORS,51.6
205,53.7,239.6,1,9,1,Paracetamol,89.7
205,33.2,303.2,1,9,1,Amoxicillin,53.8
205,25.9,371.9,1,9,1,Azithromycin,44.7
205,30.7,309.3,1,9,1,Ibuprofen,51.5
205,51.6,105.7,1,9,1,ORS,83.7
152,89.7,149.9,2,9,0,Paracetamol,56.1
152,53.8,249.4,2,9,0,Amoxicillin,33.3
152,44.7,327.2,2,9,0,Azithromycin,28.1
152,51.5,257.8,2,9,0,Ibuprofen,31.4
152,83.7,342.0,2,9,0,ORS,52.7
162,56.1,93.8,3,9,0,Paracetamol,54.0
162,33.3,216.1,3,9,0,Amoxicillin,33.8
162,28.1,299.1,3,9,0,Azithromycin,27.3
162,31.4,226.4,3,9,0,Ibuprofen,31.8
162,52.7,289.3,3,9,0,ORS,52.3
148,38.0,384.0,3,9,0,Paracetamol,49.4
148,28.0,420.0,3,9,0,Amoxicillin,31.6
148,35.0,419.0,3,9,0,Azithromycin,26.2
148,43.0,472.0,3,9,0,Ibuprofen,29.1
148,27.0,309.0,3,9,0,ORS,45.5
158,49.4,334.6,4,9,0,Paracetamol,54.4
158,31.6,388.4,4,9,0,Amoxicillin,31.6
158,26.2,392.8,4,9,0,Azithromycin,27.2
158,29.1,442.9,4,9,0,Ibuprofen,29.6
158,45.5,263.5,4,9,0,ORS,50.7
140,54.4,280.2,5,9,0,Paracetamol,49.8
140,31.6,356.8,5,9,0,Amoxicillin,29.0
140,27.2,365.6,5,9,0,Azithromycin,24.4
140,29.6,413.3,5,9,0,Ibuprofen,27.1
140,50.7,212.8,5,9,0,ORS,45.0
128,49.8,230.4,6,9,0,Paracetamol,45.3
128,29.0,327.8,6,9,0,Amoxicillin,26.3
128,24.4,341.2,6,9,0,Azithromycin,21.2
128,27.1,386.2,6,9,0,Ibuprofen,23.8
128,45.0,167.8,6,9,0,ORS,42.3
231,45.3,185.1,0,9,1,Paracetamol,99.9
231,26.3,301.5,0,9,1,Amoxicillin,58.6
231,21.2,320.0,0,9,1,Azithromycin,50.0
231,23.8,362.4,0,9,1,Ibuprofen,56.1
231,42.3,125.5,0,9,1,ORS,92.2
163,99.9,428.2,1,9,0,Paracetamol,60.7
163,58.6,242.9,1,9,0,Amoxicillin,35.9
163,50.0,270.0,1,9,0,Azithromycin,30.2
163,56.1,306.3,1,9,0,Ibuprofen,35.5
163,92.2,444.3,1,9,0,ORS,56.7
138,60.7,367.5,2,9,0,Paracetamol,47.4
138,35.9,207.0,2,9,0,Amoxicillin,28.6
138,30.2,239.8,2,9,0,Azithromycin,24.3
138,35.5,270.8,2,9,0,Ibuprofen,28.3
138,56.7,387.6,2,9,0,ORS,44.8
138,47.4,320.1,3,9,0,Paracetamol,46.1
138,28.6,178.4,3,9,0,Amoxicillin,28.6
138,24.3,215.5,3,9,0,Azithromycin,23.2
138,28.3,242.5,3,9,0,Ibuprofen,25.7
138,44.8,342.8,3,9,0,ORS,42.7
171,46.1,274.0,4,9,0,Paracetamol,56.0
171,28.6,149.8,4,9,0,Amoxicillin,33.3
171,23.2,192.3,4,9,0,Azithromycin,29.0
171,25.7,216.8,4,9,0,Ibuprofen,31.9
171,42.7,300.1,4,9,0,ORS,52.3
146,56.0,218.0,5,9,0,Paracetamol,50.0
146,33.3,116.5,5,9,0,Amoxicillin,31.2
146,29.0,163.3,5,9,0,Azithromycin,25.1
146,31.9,184.9,5,9,0,Ibuprofen,28.1
146,52.3,247.8,5,9,0,ORS,45.9
128,50.0,168.0,6,9,0,Paracetamol,45.5
128,31.2,426.3,6,9,0,Amoxicillin,26.5
128,25.1,138.2,6,9,0,Azithromycin,22.5
128,28.1,156.8,6,9,0,Ibuprofen,25.4
128,45.9,201.9,6,9,0,ORS,42.6
173,45.5,122.5,0,9,0,Paracetamol,57.1
173,26.5,399.8,0,9,0,Amoxicillin,33.9
173,22.5,115.7,0,9,0,Azithromycin,27.6
173,25.4,131.4,0,9,0,Ibuprofen,32.0
173,42.6,159.3,0,9,0,ORS,53.1
149,57.1,467.4,1,9,0,Paracetamol,50.5
149,33.9,365.9,1,9,0,Amoxicillin,30.0
149,27.6,432.1,1,9,0,Azithromycin,25.2
149,32.0,99.4,1,9,0,Ibuprofen,29.0
149,53.1,106.2,1,9,0,ORS,48.0
147,50.5,416.9,2,9,0,Paracetamol,49.0
147,30.0,335.9,2,9,0,Amoxicillin,29.4
147,25.2,406.9,2,9,0,Azithromycin,24.0
147,29.0,488.4,2,9,0,Ibuprofen,29.1
147,48.0,413.2,2,9,0,ORS,46.3
145,49.0,367.9,3,9,0,Paracetamol,50.8
145,29.4,306.5,3,9,0,Amoxicillin,29.1
145,24.0,382.9,3,9,0,Azithromycin,24.9
145,29.1,459.3,3,9,0,Ibuprofen,27.8
145,46.3,366.9,3,9,0,ORS,47.0
141,35.0,430.0,3,9,0,Paracetamol,47.2
141,25.0,343.0,3,9,0,Amoxicillin,27.5
141,27.0,293.0,3,9,0,Azithromycin,24.3
141,19.0,361.0,3,9,0,Ibuprofen,25.9
141,36.0,342.0,3,9,0,ORS,44.6
161,47.2,382.8,4,9,0,Paracetamol,54.4
161,27.5,315.5,4,9,0,Amoxicillin,33.1
161,24.3,268.7,4,9,0,Azithromycin,26.2
161,25.9,335.1,4,9,0,Ibuprofen,30.5
161,44.6,297.4,4,9,0,ORS,49.6
148,54.4,328.4,5,9,0,Paracetamol,51.1
148,33.1,282.4,5,9,0,Amoxicillin,31.1
148,26.2,242.5,5,9,0,Azithromycin,24.8
148,30.5,304.6,5,9,0,Ibuprofen,28.9
148,49.6,247.8,5,9,0,ORS,47.3
112,51.1,277.3,6,9,0,Paracetamol,39.1
112,31.1,251.3,6,9,0,Amoxicillin,23.3
112,24.8,217.7,6,9,0,Azithromycin,20.6
112,28.9,275.7,6,9,0,Ibuprofen,22.1
112,47.3,200.5,6,9,0,ORS,37.3
161,39.1,238.2,0,9,0,Paracetamol,54.0
161,23.3,228.0,0,9,0,Amoxicillin,32.0
161,20.6,197.1,0,9,0,Azithromycin,26.3
161,22.1,253.6,0,9,0,Ibuprofen,31.1
161,37.3,163.2,0,9,0,ORS,49.3
145,54.0,184.2,1,9,0,Paracetamol,50.2
145,32.0,196.0,1,9,0,Amoxicillin,29.4
145,26.3,170.8,1,9,0,Azithromycin,23.9
145,31.1,222.5,1,9,0,Ibuprofen,28.9
145,49.3,113.9,1,9,0,ORS,47.6
151,50.2,134.0,2,9,0,Paracetamol,50.2
151,29.4,166.6,2,9,0,Amoxicillin,30.1
151,23.9,146.9,2,9,0,Azithromycin,25.1
151,28.9,193.6,2,9,0,Ibuprofen,29.2
151,47.6,426.3,2,9,0,ORS,48.8
143,50.2,422.8,3,9,0,Paracetamol,48.6
143,30.1,136.5,3,9,0,Amoxicillin,29.7
143,25.1,121.8,3,9,0,Azithromycin,24.3
143,29.2,164.4,3,9,0,Ibuprofen,27.3
143,48.8,377.5,3,9,0,ORS,47.1
165,48.6,374.2,4,9,0,Paracetamol,56.0
165,29.7,106.8,4,9,0,Amoxicillin,33.3
165,24.3,97.5,4,9,0,Azithromycin,27.1
165,27.3,137.1,4,9,0,Ibuprofen,32.2
165,47.1,330.4,4,9,0,ORS,52.2
137,56.0,318.2,5,9,0,Paracetamol,47.3
137,33.3,405.5,5,9,0,Amoxicillin,28.1
137,27.1,500.4,5,9,0,Azithromycin,23.5
137,32.2,104.9,5,9,0,Ibuprofen,27.0
137,52.2,278.2,5,9,0,ORS,44.9
108,47.3,270.9,6,9,0,Paracetamol,38.1
108,28.1,377.4,6,9,0,Amoxicillin,22.8
108,23.5,476.9,6,9,0,Azithromycin,19.0
108,27.0,396.9,6,9,0,Ibuprofen,20.8
108,44.9,233.3,6,9,0,ORS,34.9
159,38.1,232.8,0,9,0,Paracetamol,53.0
159,22.8,354.6,0,9,0,Amoxicillin,31.6
159,19.0,457.9,0,9,0,Azithromycin,26.6
159,20.8,376.1,0,9,0,Ibuprofen,30.9
159,34.9,198.4,0,9,0,ORS,48.7
143,53.0,179.8,1,9,0,Paracetamol,48.6
143,31.6,323.0,1,9,0,Amoxicillin,30.2
143,26.6,431.3,1,9,0,Azithromycin,26.0
143,30.9,345.2,1,9,0,Ibuprofen,30.0
143,48.7,149.7,1,9,0,ORS,45.2
133,48.6,131.2,2,9,0,Paracetamol,45.7
133,30.2,292.8,2,9,0,Amoxicillin,27.5
133,26.0,405.3,2,9,0,Azithromycin,22.0
133,30.0,315.2,2,9,0,Ibuprofen,27.4
133,45.2,104.5,2,9,0,ORS,42.8
119,45.7,454.5,3,9,0,Paracetamol,40.6
119,27.5,265.3,3,9,0,Amoxicillin,25.2
119,22.0,383.3,3,9,0,Azithromycin,19.5
119,27.4,287.8,3,9,0,Ibuprofen,22.9
119,42.8,374.7,3,9,0,ORS,38.5
164,40.0,428.0,3,9,0,Paracetamol,54.3
164,41.0,336.0,3,9,0,Amoxicillin,33.4
164,27.0,464.0,3,9,0,Azithromycin,27.8
164,17.0,343.0,3,9,0,Ibuprofen,29.8
164,23.0,467.0,3,9,0,ORS,48.7
168,54.3,373.7,4,9,0,Paracetamol,55.8
168,33.4,302.6,4,9,0,Amoxicillin,33.2
168,27.8,436.2,4,9,0,Azithromycin,28.3
168,29.8,313.2,4,9,0,Ibuprofen,31.4
168,48.7,418.3,4,9,0,ORS,51.5
153,55.8,317.9,5,9,0,Paracetamol,52.5
153,33.2,269.4,5,9,0,Amoxicillin,32.7
153,28.3,407.9,5,9,0,Azithromycin,24.4
153,31.4,281.8,5,9,0,Ibuprofen,29.5
153,51.5,366.8,5,9,0,ORS,48.0
141,52.5,265.4,6,9,0,Paracetamol,47.6
141,32.7,236.7,6,9,0,Amoxicillin,28.4
141,24.4,383.5,6,9,0,Azithromycin,24.2
141,29.5,252.3,6,9,0,Ibuprofen,26.8
141,48.0,318.8,6,9,0,ORS,46.6
179,47.6,217.8,0,9,0,Paracetamol,58.7
179,28.4,208.3,0,9,0,Amoxicillin,35.6
179,24.2,359.3,0,9,0,Azithromycin,30.1
179,26.8,225.5,0,9,0,Ibuprofen,33.1
179,46.6,272.2,0,9,0,ORS,57.4
168,58.7,159.1,1,9,0,Paracetamol,57.7
168,35.6,172.7,1,9,0,Amoxicillin,34.1
168,30.1,329.2,1,9,0,Azithromycin,29.5
168,33.1,192.4,1,9,0,Ibuprofen,33.1
168,57.4,214.8,1,9,0,ORS,54.3
150,57.7,101.4,2,9,0,Paracetamol,53.3
150,34.1,138.6,2,9,0,Amoxicillin,31.2
150,29.5,299.7,2,9,0,Azithromycin,24.9
150,33.1,159.3,2,9,0,Ibuprofen,28.5
150,54.3,160.5,2,9,0,ORS,48.7
159,53.3,426.1,3,9,0,Paracetamol,54.3
159,31.2,107.4,3,9,0,Amoxicillin,31.8
159,24.9,274.8,3,9,0,Azithromycin,27.6
159,28.5,130.8,3,9,0,Ibuprofen,30.4
159,48.7,111.8,3,9,0,ORS,50.1
164,54.3,371.8,4,9,0,Paracetamol,56.8
164,31.8,423.6,4,9,0,Amoxicillin,32.9
164,27.6,247.2,4,9,0,Azithromycin,26.9
164,30.4,100.4,4,9,0,Ibuprofen,31.8
164,50.1,462.7,4,9,0,ORS,52.3
151,56.8,315.0,5,9,0,Paracetamol,51.5
151,32.9,390.7,5,9,0,Amoxicillin,31.8
151,26.9,220.3,5,9,0,Azithromycin,25.8
151,31.8,401.6,5,9,0,Ibuprofen,29.3
151,52.3,410.4,5,9,0,ORS,48.2
134,51.5,263.5,6,9,0,Paracetamol,46.5
134,31.8,358.9,6,9,0,Amoxicillin,29.3
134,25.8,194.5,6,9,0,Azithromycin,23.4
134,29.3,372.3,6,9,0,Ibuprofen,28.5
134,48.2,362.2,6,9,0,ORS,43.6
170,46.5,217.0,0,9,0,Paracetamol,56.5
170,29.3,329.6,0,9,0,Amoxicillin,33.7
170,23.4,171.1,0,9,0,Azithromycin,28.1
170,28.5,343.8,0,9,0,Ibuprofen,31.9
170,43.6,318.6,0,9,0,ORS,53.9
161,56.5,160.5,1,9,0,Paracetamol,54.2
161,33.7,295.9,1,9,0,Amoxicillin,33.1
161,28.1,143.0,1,9,0,Azithromycin,27.4
161,31.9,311.9,1,9,0,Ibuprofen,31.1
161,53.9,264.7,1,9,0,ORS,51.6
225,54.2,106.3,2,9,1,Paracetamol,97.0
225,33.1,262.8,2,9,1,Amoxicillin,58.5
225,27.4,115.6,2,9,1,Azithromycin,48.7
225,31.1,280.8,2,9,1,Ibuprofen,55.0
225,51.6,213.1,2,9,1,ORS,90.4
217,97.0,419.3,3,9,1,Paracetamol,99.1
217,58.5,204.3,3,9,1,Amoxicillin,59.6
217,48.7,421.9,3,9,1,Azithromycin,50.6
217,55.0,225.8,3,9,1,Ibuprofen,56.8
217,90.4,122.7,3,9,1,ORS,92.4
