date,phc_id,medicine_id,medicine_name,stock_quantity,daily_demand,received_quantity,expired_quantity,population,rolling_mean,rolling_std,z_score,anomaly_score,is_anomaly,anomaly_type
2026-01-19,PHC001,M001,Paracetamol,2003,70,0,3,12000,59.714285714285715,3.5923198500080544,2.8632512457628803,2.8632512457628803,True,DEMAND_SPIKE
2026-02-03,PHC001,M001,Paracetamol,2136,77,0,1,12000,64.42857142857143,3.7352886036263837,3.3655842708442045,3.3655842708442045,True,DEMAND_SPIKE
2026-02-11,PHC001,M001,Paracetamol,1673,69,0,3,12000,54.0,4.281744192888373,3.5032452487268566,3.5032452487268566,True,DEMAND_SPIKE
2026-03-18,PHC001,M001,Paracetamol,2266,67,0,3,12000,50.42857142857143,5.411627692821665,3.062189328621034,3.062189328621034,True,DEMAND_SPIKE
2026-03-28,PHC001,M001,Paracetamol,1710,72,0,1,12000,52.42857142857143,6.106202935189293,3.2051716556357546,3.2051716556357546,True,DEMAND_SPIKE
2026-04-05,PHC001,M001,Paracetamol,2178,135,0,2,12000,58.42857142857143,8.960229588895261,8.545699394391225,8.545699394391225,True,DEMAND_SPIKE
2026-04-15,PHC001,M001,Paracetamol,2650,82,1151,0,12000,63.714285714285715,7.250615737399736,2.5219532999651184,2.5219532999651184,True,DEMAND_SPIKE
2026-04-24,PHC001,M001,Paracetamol,2042,77,0,0,12000,66.0,3.9581140290126497,2.779101339519505,2.779101339519505,True,DEMAND_SPIKE
2026-05-04,PHC001,M001,Paracetamol,2540,46,0,2,12000,63.57142857142857,5.996030432909848,-2.930510238071162,2.930510238071162,True,DEMAND_DROP
2026-05-22,PHC001,M001,Paracetamol,2394,41,0,3,12000,62.0,8.366600265340763,-2.5099800796022245,2.5099800796022245,True,DEMAND_DROP
2026-05-24,PHC001,M001,Paracetamol,2162,166,0,2,12000,58.142857142857146,10.589752458998149,10.185048543367628,10.185048543367628,True,DEMAND_SPIKE
2026-06-04,PHC001,M001,Paracetamol,2320,66,0,2,12000,51.714285714285715,5.407226205560156,2.641967201413644,2.641967201413644,True,DEMAND_SPIKE
2026-06-21,PHC001,M001,Paracetamol,2183,200,0,2,12000,57.142857142857146,8.896227129680208,16.058171714224,16.058171714224,True,DEMAND_SPIKE
2026-01-11,PHC001,M002,ORS,755,47,0,2,12000,36.857142857142854,2.4784787961282135,4.092371965700064,4.092371965700064,True,DEMAND_SPIKE
2026-01-18,PHC001,M002,ORS,1049,32,0,0,12000,44.0,3.872983346207427,-3.0983866769659256,3.0983866769659256,True,DEMAND_DROP
2026-01-23,PHC001,M002,ORS,826,58,0,0,12000,39.57142857142857,5.094347941825432,3.617454410066858,3.617454410066858,True,DEMAND_SPIKE
2026-02-10,PHC001,M002,ORS,578,136,0,0,12000,44.42857142857143,6.320789582985733,14.487340128821886,14.487340128821886,True,DEMAND_SPIKE
2026-02-20,PHC001,M002,ORS,804,29,0,1,12000,39.857142857142854,2.7945525240230253,-3.885109606568768,3.885109606568768,True,DEMAND_DROP
2026-04-19,PHC001,M002,ORS,1468,49,0,1,12000,41.42857142857143,2.3704530408864106,3.1940850296689693,3.1940850296689693,True,DEMAND_SPIKE
2026-04-20,PHC001,M002,ORS,1349,117,0,2,12000,43.142857142857146,2.9113897843110115,25.368345817226725,25.368345817226725,True,DEMAND_SPIKE
2026-04-22,PHC001,M002,ORS,1154,146,0,0,12000,54.714285714285715,27.620730654795544,3.304971017117722,3.304971017117722,True,DEMAND_SPIKE
2026-05-03,PHC001,M002,ORS,1275,59,0,3,12000,41.714285714285715,4.4614753058558865,3.87443908140117,3.87443908140117,True,DEMAND_SPIKE
2026-05-12,PHC001,M002,ORS,872,56,0,1,12000,42.42857142857143,5.094347941825421,2.664016813615133,2.664016813615133,True,DEMAND_SPIKE
2026-06-28,PHC001,M002,ORS,816,51,0,3,12000,33.0,4.434711565216648,4.058888551215315,4.058888551215315,True,DEMAND_SPIKE
2026-01-19,PHC001,M003,Amoxicillin,931,32,0,0,12000,19.857142857142858,4.2594432902501635,2.8508085013485354,2.8508085013485354,True,DEMAND_SPIKE
2026-02-11,PHC001,M003,Amoxicillin,844,32,0,0,12000,21.285714285714285,1.4960264830862042,7.161828908391279,7.161828908391279,True,DEMAND_SPIKE
2026-03-07,PHC001,M003,Amoxicillin,876,27,0,3,12000,15.571428571428571,4.35343323738646,2.6251858717908023,2.6251858717908023,True,DEMAND_SPIKE
2026-03-20,PHC001,M003,Amoxicillin,807,9,0,0,12000,18.142857142857142,3.484660262185861,-2.623744197410511,2.623744197410511,True,DEMAND_DROP
2026-03-26,PHC001,M003,Amoxicillin,682,29,0,1,12000,17.285714285714285,3.8172540616821284,3.068772873116977,3.068772873116977,True,DEMAND_SPIKE
2026-03-28,PHC001,M003,Amoxicillin,625,38,0,0,12000,20.0,4.163331998932265,4.323460152737352,4.323460152737352,True,DEMAND_SPIKE
2026-04-11,PHC001,M003,Amoxicillin,743,26,0,0,12000,18.285714285714285,2.36038737740835,3.2682286764115047,3.2682286764115047,True,DEMAND_SPIKE
2026-04-14,PHC001,M003,Amoxicillin,691,11,0,0,12000,20.571428571428573,3.735288603626356,-2.562433478938221,2.562433478938221,True,DEMAND_DROP
2026-05-14,PHC001,M003,Amoxicillin,579,12,0,2,12000,20.0,2.645751311064596,-3.0237157840738114,3.0237157840738114,True,DEMAND_DROP
2026-05-22,PHC001,M003,Amoxicillin,576,71,0,2,12000,23.571428571428573,3.5523298860110772,13.351398364026695,13.351398364026695,True,DEMAND_SPIKE
2026-06-05,PHC001,M003,Amoxicillin,533,24,0,1,12000,15.285714285714286,2.984084768360684,2.9202540781282607,2.9202540781282607,True,DEMAND_SPIKE
2026-06-19,PHC001,M003,Amoxicillin,555,27,0,1,12000,18.142857142857142,3.4364987719369275,2.577374078952652,2.577374078952652,True,DEMAND_SPIKE
2026-01-19,PHC001,M004,Cetirizine,817,23,0,0,12000,18.428571428571427,1.8126539343499266,2.5219532999651295,2.5219532999651295,True,DEMAND_SPIKE
2026-01-20,PHC001,M004,Cetirizine,804,9,0,4,12000,18.714285714285715,2.360387377408327,-4.115547222147861,4.115547222147861,True,DEMAND_DROP
2026-01-23,PHC001,M004,Cetirizine,724,32,0,0,12000,18.571428571428573,4.961758520831863,2.706413738635564,2.706413738635564,True,DEMAND_SPIKE
2026-02-18,PHC001,M004,Cetirizine,845,23,0,0,12000,15.0,2.5819888974716028,3.098386676965944,3.098386676965944,True,DEMAND_SPIKE
2026-02-22,PHC001,M004,Cetirizine,758,30,0,0,12000,17.571428571428573,3.7796447300922673,3.288290915180281,3.288290915180281,True,DEMAND_SPIKE
2026-02-26,PHC001,M004,Cetirizine,668,36,0,0,12000,19.428571428571427,5.996030432909836,2.7637332326524837,2.7637332326524837,True,DEMAND_SPIKE
2026-03-14,PHC001,M004,Cetirizine,698,6,0,0,12000,14.0,2.16024689946927,-3.7032803990902345,3.7032803990902345,True,DEMAND_DROP
2026-03-26,PHC001,M004,Cetirizine,721,26,0,0,12000,15.857142857142858,1.7728105208558185,5.721343044580259,5.721343044580259,True,DEMAND_SPIKE
2026-04-01,PHC001,M004,Cetirizine,1071,33,468,2,12000,17.571428571428573,4.894116973712511,3.1524729611985216,3.1524729611985216,True,DEMAND_SPIKE
2026-04-28,PHC001,M004,Cetirizine,703,14,0,0,12000,23.571428571428573,1.9023794624226662,-5.031293051933724,5.031293051933724,True,DEMAND_DROP
2026-05-02,PHC001,M004,Cetirizine,823,54,0,1,12000,21.0,4.932882862316243,6.689800046154917,6.689800046154917,True,DEMAND_SPIKE
2026-06-16,PHC001,M004,Cetirizine,631,28,0,0,12000,15.0,3.2659863237108704,3.9804208320227055,3.9804208320227055,True,DEMAND_SPIKE
2026-01-18,PHC001,M005,Ibuprofen,1576,44,0,1,12000,31.571428571428573,4.157609203101496,2.9893553774366173,2.9893553774366173,True,DEMAND_SPIKE
2026-02-03,PHC001,M005,Ibuprofen,1484,75,0,4,12000,33.0,4.4347115652166895,9.470739952835645,9.470739952835645,True,DEMAND_SPIKE
2026-02-18,PHC001,M005,Ibuprofen,1490,28,0,0,12000,34.142857142857146,1.7728105208558895,-3.465038745309034,3.465038745309034,True,DEMAND_DROP
2026-02-20,PHC001,M005,Ibuprofen,1435,24,0,0,12000,32.57142857142857,2.935821455580671,-2.9196014475387235,2.9196014475387235,True,DEMAND_DROP
2026-02-26,PHC001,M005,Ibuprofen,1237,38,0,1,12000,29.714285714285715,3.2513733362117536,2.5483736959497096,2.5483736959497096,True,DEMAND_SPIKE
2026-03-01,PHC001,M005,Ibuprofen,1432,21,277,0,12000,31.0,3.915780041490268,-2.55376959227623,2.55376959227623,True,DEMAND_DROP
2026-03-17,PHC001,M005,Ibuprofen,1450,26,0,2,12000,31.285714285714285,1.8898223650461785,-2.7969371002682184,2.7969371002682184,True,DEMAND_DROP
2026-03-30,PHC001,M005,Ibuprofen,1048,40,0,1,12000,28.285714285714285,4.461475305855913,2.6256529311974717,2.6256529311974717,True,DEMAND_SPIKE
2026-04-15,PHC001,M005,Ibuprofen,2000,52,1005,1,12000,37.142857142857146,4.740906081772812,3.133819274392202,3.133819274392202,True,DEMAND_SPIKE
2026-05-07,PHC001,M005,Ibuprofen,1804,46,0,2,12000,36.285714285714285,3.251373336211722,2.9877484711134823,2.9877484711134823,True,DEMAND_SPIKE
2026-05-23,PHC001,M005,Ibuprofen,1820,21,0,4,12000,30.428571428571427,3.2586880211286924,-2.893364251943857,2.893364251943857,True,DEMAND_DROP
2026-05-27,PHC001,M005,Ibuprofen,1689,43,0,0,12000,27.285714285714285,4.60848079502294,3.40986247165374,3.40986247165374,True,DEMAND_SPIKE
2026-01-09,PHC001,M006,Azithromycin,1138,22,0,0,12000,15.285714285714286,1.2535663410560176,5.356147093602982,5.356147093602982,True,DEMAND_SPIKE
2026-01-15,PHC001,M006,Azithromycin,1263,10,227,0,12000,17.571428571428573,2.6367367999823097,-2.8715147342273113,2.8715147342273113,True,DEMAND_DROP
2026-02-12,PHC001,M006,Azithromycin,1168,7,0,0,12000,16.428571428571427,1.8126539343499248,-5.2015286811780825,5.2015286811780825,True,DEMAND_DROP
2026-03-07,PHC001,M006,Azithromycin,1308,17,0,1,12000,11.285714285714286,1.7994708216848359,3.1755367441498468,3.1755367441498468,True,DEMAND_SPIKE
2026-03-31,PHC001,M006,Azithromycin,1183,20,0,0,12000,13.285714285714286,2.4299715851758017,2.763112850885437,2.763112850885437,True,DEMAND_SPIKE
2026-04-09,PHC001,M006,Azithromycin,1332,9,0,1,12000,16.142857142857142,2.4784787961281984,-2.8819520885211887,2.8819520885211887,True,DEMAND_DROP
2026-04-23,PHC001,M006,Azithromycin,1342,24,0,1,12000,14.0,2.6457513110645725,3.779644730092298,3.779644730092298,True,DEMAND_SPIKE
2026-06-04,PHC001,M006,Azithromycin,1326,39,0,0,12000,14.857142857142858,3.71611676478602,6.496797240505258,6.496797240505258,True,DEMAND_SPIKE
2026-01-08,PHC001,M007,Iron Tablets,818,118,0,1,12000,26.428571428571427,4.503966505838414,20.331285424242413,20.331285424242413,True,DEMAND_SPIKE
2026-01-18,PHC001,M007,Iron Tablets,1065,35,0,1,12000,28.428571428571427,2.299068134204528,2.8583009236054115,2.8583009236054115,True,DEMAND_SPIKE
2026-01-24,PHC001,M007,Iron Tablets,897,18,0,0,12000,29.857142857142858,4.336994790119561,-2.7339536778221456,2.7339536778221456,True,DEMAND_DROP
2026-02-01,PHC001,M007,Iron Tablets,1020,35,357,1,12000,27.857142857142858,2.734262327610658,2.6123525423030447,2.6123525423030447,True,DEMAND_SPIKE
2026-02-19,PHC001,M007,Iron Tablets,818,84,0,0,12000,24.571428571428573,6.023762469230895,9.865689713385924,9.865689713385924,True,DEMAND_SPIKE
2026-03-10,PHC001,M007,Iron Tablets,626,32,0,1,12000,23.285714285714285,1.8898223650462738,4.6111665707122365,4.6111665707122365,True,DEMAND_SPIKE
2026-04-03,PHC001,M007,Iron Tablets,1005,22,0,0,12000,29.142857142857142,2.1157009420499295,-3.3761185245473952,3.3761185245473952,True,DEMAND_DROP
2026-04-11,PHC001,M007,Iron Tablets,766,43,0,0,12000,27.571428571428573,4.720774754816709,3.268228676411498,3.268228676411498,True,DEMAND_SPIKE
2026-04-12,PHC001,M007,Iron Tablets,664,101,0,1,12000,30.428571428571427,6.996597812678776,10.086534978978447,10.086534978978447,True,DEMAND_SPIKE
2026-05-06,PHC001,M007,Iron Tablets,755,36,0,1,12000,28.285714285714285,2.6903708365382992,2.867368917889286,2.867368917889286,True,DEMAND_SPIKE
2026-05-24,PHC001,M007,Iron Tablets,549,23,0,0,12000,26.714285714285715,1.3801311186849097,-2.69125568143479,2.69125568143479,True,DEMAND_DROP
2026-05-29,PHC001,M007,Iron Tablets,427,18,0,1,12000,25.428571428571427,1.9880595947761484,-3.736593937169107,3.736593937169107,True,DEMAND_DROP
2026-06-18,PHC001,M007,Iron Tablets,826,33,0,2,12000,21.285714285714285,3.7733400639348447,3.1044871429027894,3.1044871429027894,True,DEMAND_SPIKE
2026-01-23,PHC001,M008,Antacid,1206,46,0,0,12000,31.0,3.559026084010439,4.21463615211762,4.21463615211762,True,DEMAND_SPIKE
2026-01-31,PHC001,M008,Antacid,894,87,0,0,12000,31.142857142857142,6.4917530100010055,8.604323481052187,8.604323481052187,True,DEMAND_SPIKE
2026-02-11,PHC001,M008,Antacid,1113,46,0,0,12000,31.0,2.581988897471603,5.809475019311144,5.809475019311144,True,DEMAND_SPIKE
2026-03-04,PHC001,M008,Antacid,1396,15,0,2,12000,24.285714285714285,1.9760470401185894,-4.699136253941109,4.699136253941109,True,DEMAND_DROP
2026-03-20,PHC001,M008,Antacid,1560,40,0,1,12000,23.571428571428573,6.373307431706641,2.577715198052543,2.577715198052543,True,DEMAND_SPIKE
2026-03-25,PHC001,M008,Antacid,1345,95,0,2,12000,30.285714285714285,6.317021600783226,10.244430018453953,10.244430018453953,True,DEMAND_SPIKE
2026-04-05,PHC001,M008,Antacid,1377,38,0,1,12000,31.0,2.5819888974716108,2.7110883423451924,2.7110883423451924,True,DEMAND_SPIKE
2026-04-18,PHC001,M008,Antacid,1490,18,0,0,12000,31.285714285714285,3.0937725468153934,-4.294340997818367,4.294340997818367,True,DEMAND_DROP
2026-06-30,PHC001,M008,Antacid,721,110,0,2,12000,33.285714285714285,3.25137333621173,23.594425426293178,23.594425426293178,True,DEMAND_SPIKE
2026-02-18,PHC002,M001,Paracetamol,2159,87,0,4,18000,76.85714285714286,3.891382420536115,2.606491998660918,2.606491998660918,True,DEMAND_SPIKE
2026-02-27,PHC002,M001,Paracetamol,1494,63,0,3,18000,73.42857142857143,3.154739442867137,-3.3056839138174854,3.3056839138174854,True,DEMAND_DROP
2026-03-08,PHC002,M001,Paracetamol,1538,89,0,1,18000,68.85714285714286,6.644009116704928,3.0317323153895543,3.0317323153895543,True,DEMAND_SPIKE
2026-03-28,PHC002,M001,Paracetamol,1293,97,0,2,18000,77.28571428571429,5.964178784328075,3.3054484828805686,3.3054484828805686,True,DEMAND_SPIKE
2026-03-30,PHC002,M001,Paracetamol,1117,104,0,0,18000,77.28571428571429,9.894683517160235,2.6998625744780447,2.6998625744780447,True,DEMAND_SPIKE
2026-04-05,PHC002,M001,Paracetamol,1625,256,0,0,18000,83.57142857142857,14.234431763124507,12.113484703707117,12.113484703707117,True,DEMAND_SPIKE
2026-04-24,PHC002,M001,Paracetamol,1066,215,0,0,18000,94.85714285714286,9.99047165100446,12.025744263112719,12.025744263112719,True,DEMAND_SPIKE
2026-05-07,PHC002,M001,Paracetamol,1118,109,0,1,18000,86.14285714285714,8.050436249640327,2.839242762547689,2.839242762547689,True,DEMAND_SPIKE
2026-05-15,PHC002,M001,Paracetamol,2211,104,1772,0,18000,81.42857142857143,3.6449573777635753,6.192508233190273,6.192508233190273,True,DEMAND_SPIKE
2026-06-17,PHC002,M001,Paracetamol,1817,88,0,1,18000,69.28571428571429,4.231401884099423,4.4227152671575425,4.4227152671575425,True,DEMAND_SPIKE
2026-06-19,PHC002,M001,Paracetamol,1689,54,0,1,18000,73.14285714285714,7.151423434733491,-2.6767897772467064,2.6767897772467064,True,DEMAND_DROP
2026-06-27,PHC002,M001,Paracetamol,1020,103,0,2,18000,79.14285714285714,7.559289460184409,3.1560033496271043,3.1560033496271043,True,DEMAND_SPIKE
2026-01-16,PHC002,M002,ORS,1375,81,0,0,18000,61.57142857142857,6.996597812678736,2.7768598322693863,2.7768598322693863,True,DEMAND_SPIKE
2026-01-28,PHC002,M002,ORS,613,48,0,0,18000,63.0,5.385164807134501,-2.7854300726557795,2.7854300726557795,True,DEMAND_DROP
2026-02-08,PHC002,M002,ORS,609,74,0,0,18000,56.857142857142854,4.298393941484514,3.988200564263918,3.988200564263918,True,DEMAND_SPIKE
2026-02-10,PHC002,M002,ORS,3419,159,3025,0,18000,58.285714285714285,7.95223837910405,12.664897719732698,12.664897719732698,True,DEMAND_SPIKE
2026-02-21,PHC002,M002,ORS,3575,44,0,1,18000,59.857142857142854,5.0142653642240695,-3.1624059967549525,3.1624059967549525,True,DEMAND_DROP
2026-03-25,PHC002,M002,ORS,3682,160,0,2,18000,58.0,7.1414284285428575,14.282856857085685,14.282856857085685,True,DEMAND_SPIKE
2026-04-09,PHC002,M002,ORS,3932,69,0,4,18000,60.0,3.214550253664313,2.7997695757721526,2.7997695757721526,True,DEMAND_SPIKE
2026-04-14,PHC002,M002,ORS,3590,76,0,2,18000,63.142857142857146,4.413183712037156,2.9133486607580874,2.9133486607580874,True,DEMAND_SPIKE
2026-04-16,PHC002,M002,ORS,4842,46,0,5,18000,67.57142857142857,6.425396041156786,-3.3572138484937644,3.3572138484937644,True,DEMAND_DROP
2026-05-06,PHC002,M002,ORS,4534,78,0,4,18000,64.85714285714286,5.014265364223983,2.621093258571717,2.621093258571717,True,DEMAND_SPIKE
2026-05-19,PHC002,M002,ORS,4238,151,0,5,18000,66.28571428571429,8.179533110438566,10.35686078538822,10.35686078538822,True,DEMAND_SPIKE
2026-06-09,PHC002,M002,ORS,4086,72,0,6,18000,51.285714285714285,6.421689437998103,3.225675410541682,3.225675410541682,True,DEMAND_SPIKE
2026-06-28,PHC002,M002,ORS,3638,76,0,2,18000,59.857142857142854,4.740906081772807,3.4050151731376865,3.4050151731376865,True,DEMAND_SPIKE
2026-01-10,PHC002,M003,Amoxicillin,673,24,0,0,18000,33.57142857142857,3.823486317361109,-2.5033249178813777,2.5033249178813777,True,DEMAND_DROP
2026-01-14,PHC002,M003,Amoxicillin,529,47,0,2,18000,31.0,4.472135954999582,3.577708763999661,3.577708763999661,True,DEMAND_SPIKE
2026-01-21,PHC002,M003,Amoxicillin,650,98,0,1,18000,36.57142857142857,7.0912420834233485,8.662596863272837,8.662596863272837,True,DEMAND_SPIKE
2026-02-13,PHC002,M003,Amoxicillin,222,39,0,0,18000,33.714285714285715,1.7994708216848976,2.9373714883385076,2.9373714883385076,True,DEMAND_SPIKE
2026-02-16,PHC002,M003,Amoxicillin,711,23,0,1,18000,35.142857142857146,3.132015933791501,-3.877010015130242,3.877010015130242,True,DEMAND_DROP
2026-03-03,PHC002,M003,Amoxicillin,605,41,0,1,18000,30.0,4.082482904638647,2.6944387170614847,2.6944387170614847,True,DEMAND_SPIKE
2026-03-11,PHC002,M003,Amoxicillin,360,45,0,1,18000,27.857142857142858,2.6095064302515074,6.569386817416232,6.569386817416232,True,DEMAND_SPIKE
2026-03-22,PHC002,M003,Amoxicillin,221,43,0,1,18000,30.0,4.6547466812563245,2.792848008753782,2.792848008753782,True,DEMAND_SPIKE
2026-04-04,PHC002,M003,Amoxicillin,1134,103,0,0,18000,30.142857142857142,4.634241089562629,15.721483075456263,15.721483075456263,True,DEMAND_SPIKE
2026-04-18,PHC002,M003,Amoxicillin,1422,29,0,0,18000,41.142857142857146,3.8047589248453346,-3.191491861301241,3.191491861301241,True,DEMAND_DROP
2026-04-20,PHC002,M003,Amoxicillin,1363,22,0,2,18000,39.42857142857143,5.968169536721233,-2.9202540781283273,2.9202540781283273,True,DEMAND_DROP
2026-05-09,PHC002,M003,Amoxicillin,1080,33,0,2,18000,38.857142857142854,2.115700942049749,-2.7684171901290995,2.7684171901290995,True,DEMAND_DROP
2026-05-14,PHC002,M003,Amoxicillin,890,48,0,1,18000,36.0,4.582575694955806,2.618614682831928,2.618614682831928,True,DEMAND_SPIKE
2026-06-07,PHC002,M003,Amoxicillin,1016,46,0,1,18000,28.857142857142858,3.436498771936867,4.9884659592632845,4.9884659592632845,True,DEMAND_SPIKE
2026-06-18,PHC002,M003,Amoxicillin,1226,21,0,0,18000,32.42857142857143,3.5523298860110657,-3.2172044250666842,3.2172044250666842,True,DEMAND_DROP
2026-01-09,PHC002,M004,Cetirizine,932,40,0,1,18000,30.428571428571427,2.7602622373694166,3.4675794356953307,3.4675794356953307,True,DEMAND_SPIKE
2026-01-23,PHC002,M004,Cetirizine,1017,30,0,0,18000,37.857142857142854,3.023715784073833,-2.598505751938423,2.598505751938423,True,DEMAND_DROP
2026-02-10,PHC002,M004,Cetirizine,890,40,0,0,18000,32.714285714285715,2.1380899352993956,3.4075808343834098,3.4075808343834098,True,DEMAND_SPIKE
2026-02-13,PHC002,M004,Cetirizine,769,49,0,0,18000,34.714285714285715,3.7289089429432303,3.8310708317909636,3.8310708317909636,True,DEMAND_SPIKE
2026-03-16,PHC002,M004,Cetirizine,1403,25,0,1,18000,33.714285714285715,3.0394235042348368,-2.8670850581184486,2.8670850581184486,True,DEMAND_DROP
2026-03-26,PHC002,M004,Cetirizine,1047,54,0,1,18000,32.714285714285715,4.23140188409962,5.0304166015759035,5.0304166015759035,True,DEMAND_SPIKE
2026-04-03,PHC002,M004,Cetirizine,1275,39,0,0,18000,31.428571428571427,2.8784916685156814,2.6303458350229807,2.6303458350229807,True,DEMAND_SPIKE
2026-04-08,PHC002,M004,Cetirizine,1105,42,0,3,18000,32.142857142857146,3.625307868699852,2.7189809015249047,2.7189809015249047,True,DEMAND_SPIKE
2026-04-16,PHC002,M004,Cetirizine,1243,48,0,0,18000,36.285714285714285,3.4982989063393664,3.34856626832485,3.34856626832485,True,DEMAND_SPIKE
2026-05-08,PHC002,M004,Cetirizine,685,51,0,0,18000,38.857142857142854,4.375255094603889,2.775348380905432,2.775348380905432,True,DEMAND_SPIKE
2026-06-13,PHC002,M004,Cetirizine,549,25,0,1,18000,35.142857142857146,3.625307868699892,-2.797791942148786,2.797791942148786,True,DEMAND_DROP
2026-06-22,PHC002,M004,Cetirizine,666,75,0,2,18000,35.0,8.06225774829856,4.961389383568332,4.961389383568332,True,DEMAND_SPIKE
2026-01-26,PHC002,M005,Ibuprofen,432,57,0,0,18000,46.0,4.041451884327386,2.7217941261796605,2.7217941261796605,True,DEMAND_SPIKE
2026-02-03,PHC002,M005,Ibuprofen,1468,62,0,2,18000,49.42857142857143,4.157609203101514,3.0237157840738065,3.0237157840738065,True,DEMAND_SPIKE
2026-02-14,PHC002,M005,Ibuprofen,916,39,0,2,18000,51.285714285714285,3.592319850008085,-3.419994543550078,3.419994543550078,True,DEMAND_DROP
2026-02-21,PHC002,M005,Ibuprofen,1305,63,0,4,18000,42.0,4.690415759823425,4.477215043467823,4.477215043467823,True,DEMAND_SPIKE
2026-03-02,PHC002,M005,Ibuprofen,1767,26,0,1,18000,41.57142857142857,5.442338432975987,-2.861165060423076,2.861165060423076,True,DEMAND_DROP
2026-03-15,PHC002,M005,Ibuprofen,2100,52,847,2,18000,36.714285714285715,6.102302453836177,2.504909319285708,2.504909319285708,True,DEMAND_SPIKE
2026-03-18,PHC002,M005,Ibuprofen,1912,97,0,0,18000,41.57142857142857,7.807200583588255,7.099673030700589,7.099673030700589,True,DEMAND_SPIKE
2026-04-20,PHC002,M005,Ibuprofen,1994,46,0,1,18000,54.857142857142854,3.3876526498729134,-2.6145368999018026,2.6145368999018026,True,DEMAND_DROP
2026-05-08,PHC002,M005,Ibuprofen,1854,39,0,1,18000,53.0,3.958114029012696,-3.537038068479329,3.537038068479329,True,DEMAND_DROP
2026-05-17,PHC002,M005,Ibuprofen,2304,38,0,2,18000,52.42857142857143,5.442338432976032,-2.6511712945204438,2.6511712945204438,True,DEMAND_DROP
2026-05-26,PHC002,M005,Ibuprofen,1862,35,0,0,18000,50.42857142857143,6.0513674172907335,-2.5496008364137603,2.5496008364137603,True,DEMAND_DROP
2026-06-13,PHC002,M005,Ibuprofen,2072,58,0,1,18000,41.285714285714285,4.5355736761106735,3.685153611840009,3.685153611840009,True,DEMAND_SPIKE
2026-01-23,PHC002,M006,Azithromycin,600,15,0,0,18000,24.142857142857142,3.6253078686998585,-2.521953299965125,2.521953299965125,True,DEMAND_DROP
2026-02-12,PHC002,M006,Azithromycin,620,11,0,1,18000,19.142857142857142,2.968084198523323,-2.7434724213377657,2.7434724213377657,True,DEMAND_DROP
2026-03-15,PHC002,M006,Azithromycin,794,29,372,1,18000,16.571428571428573,1.718249385968466,7.233275640931625,7.233275640931625,True,DEMAND_SPIKE
2026-04-05,PHC002,M006,Azithromycin,646,29,0,0,18000,21.571428571428573,2.6992062325272808,2.7521318449298398,2.7521318449298398,True,DEMAND_SPIKE
2026-04-14,PHC002,M006,Azithromycin,417,33,0,0,18000,25.0,1.6329931618553448,4.898979485566678,4.898979485566678,True,DEMAND_SPIKE
2026-05-07,PHC002,M006,Azithromycin,618,12,0,0,18000,22.0,1.4142135623730585,-7.071067811865658,7.071067811865658,True,DEMAND_DROP
2026-05-22,PHC002,M006,Azithromycin,474,10,0,0,18000,17.857142857142858,3.0237157840738345,-2.598505751938423,2.598505751938423,True,DEMAND_DROP
2026-06-13,PHC002,M006,Azithromycin,315,30,0,0,18000,16.0,4.0000000000000195,3.499999999999983,3.499999999999983,True,DEMAND_SPIKE
2026-01-09,PHC002,M007,Iron Tablets,1255,42,0,0,18000,35.142857142857146,2.1157009420498154,3.241073783565673,3.241073783565673,True,DEMAND_SPIKE
2026-01-23,PHC002,M007,Iron Tablets,1137,46,0,1,18000,33.42857142857143,4.503966505838417,2.7911905106604227,2.7911905106604227,True,DEMAND_SPIKE
2026-01-30,PHC002,M007,Iron Tablets,834,52,0,0,18000,41.857142857142854,2.8535691936340313,3.554445837684482,3.554445837684482,True,DEMAND_SPIKE
2026-02-06,PHC002,M007,Iron Tablets,1269,27,0,1,18000,43.285714285714285,5.186980037050646,-3.139729509152778,3.139729509152778,True,DEMAND_DROP
2026-02-21,PHC002,M007,Iron Tablets,1204,70,0,1,18000,36.285714285714285,7.889112449325051,4.273520745311486,4.273520745311486,True,DEMAND_SPIKE
2026-02-23,PHC002,M007,Iron Tablets,1051,106,0,0,18000,44.42857142857143,13.189100839419675,4.6683567986229555,4.6683567986229555,True,DEMAND_SPIKE
2026-03-10,PHC002,M007,Iron Tablets,1459,24,0,3,18000,33.42857142857143,3.3094381626465807,-2.8489945921912425,2.8489945921912425,True,DEMAND_DROP
2026-03-16,PHC002,M007,Iron Tablets,1748,18,0,2,18000,31.857142857142858,5.209880722517344,-2.6597812109693124,2.6597812109693124,True,DEMAND_DROP
2026-03-18,PHC002,M007,Iron Tablets,1643,65,0,0,18000,31.428571428571427,7.367883976130121,4.556454564185673,4.556454564185673,True,DEMAND_SPIKE
2026-04-29,PHC002,M007,Iron Tablets,906,59,0,1,18000,39.142857142857146,6.517376042257416,3.0468002350014713,3.0468002350014713,True,DEMAND_SPIKE
2026-05-07,PHC002,M007,Iron Tablets,1101,30,0,1,18000,40.57142857142857,3.9096949095440623,-2.7039011523948755,2.7039011523948755,True,DEMAND_DROP
2026-06-12,PHC002,M007,Iron Tablets,879,21,0,0,18000,36.857142857142854,3.023715784073921,-5.2442570630028476,5.2442570630028476,True,DEMAND_DROP
2026-06-29,PHC002,M007,Iron Tablets,830,52,0,1,18000,36.0,2.8284271247463084,5.656854249492143,5.656854249492143,True,DEMAND_SPIKE
2026-01-27,PHC002,M008,Antacid,1156,29,0,2,18000,38.42857142857143,3.309438162646498,-2.8489945921913136,2.8489945921913136,True,DEMAND_DROP
2026-02-05,PHC002,M008,Antacid,1365,25,0,1,18000,38.42857142857143,4.720774754816667,-2.8445694035433666,2.8445694035433666,True,DEMAND_DROP
2026-02-23,PHC002,M008,Antacid,1209,36,0,0,18000,29.857142857142858,2.3401261667248807,2.625011091369645,2.625011091369645,True,DEMAND_SPIKE
2026-03-30,PHC002,M008,Antacid,831,43,0,1,18000,30.142857142857142,3.97611918955203,3.233590907165791,3.233590907165791,True,DEMAND_SPIKE
2026-04-07,PHC002,M008,Antacid,930,24,0,1,18000,36.57142857142857,4.237025012007964,-2.9670413877190818,2.9670413877190818,True,DEMAND_DROP
2026-04-11,PHC002,M008,Antacid,732,71,0,1,18000,36.0,6.7577116442377765,5.179268048503387,5.179268048503387,True,DEMAND_SPIKE
2026-05-06,PHC002,M008,Antacid,1282,53,0,2,18000,38.714285714285715,4.191828786034644,3.4079908829549748,3.4079908829549748,True,DEMAND_SPIKE
2026-05-24,PHC002,M008,Antacid,1156,24,0,1,18000,36.142857142857146,3.1320159337915094,-3.8770100151302316,3.8770100151302316,True,DEMAND_DROP
2026-06-04,PHC002,M008,Antacid,1364,73,0,3,18000,32.285714285714285,2.984084768360645,13.643810037156808,13.643810037156808,True,DEMAND_SPIKE
2026-01-29,PHC003,M001,Paracetamol,1116,178,0,0,9500,47.57142857142857,5.71130874835598,22.836897316419073,22.836897316419073,True,DEMAND_SPIKE
2026-02-07,PHC003,M001,Paracetamol,1644,34,0,1,9500,51.285714285714285,6.626066850308763,-2.6087443239285766,2.6087443239285766,True,DEMAND_DROP
2026-03-04,PHC003,M001,Paracetamol,1889,31,0,1,9500,40.0,2.9999999999997633,-3.0000000000002367,3.0000000000002367,True,DEMAND_DROP
2026-03-05,PHC003,M001,Paracetamol,1860,28,0,1,9500,39.285714285714285,4.386125310350106,-2.573048758794683,2.573048758794683,True,DEMAND_DROP
2026-03-29,PHC003,M001,Paracetamol,1336,58,0,4,9500,43.857142857142854,4.56174569759454,3.1003168699901082,3.1003168699901082,True,DEMAND_SPIKE
2026-04-09,PHC003,M001,Paracetamol,1522,148,0,1,9500,50.714285714285715,3.683941988064811,26.408047303920448,26.408047303920448,True,DEMAND_SPIKE
2026-04-28,PHC003,M001,Paracetamol,817,154,0,0,9500,52.857142857142854,7.448234050846452,13.579441308153145,13.579441308153145,True,DEMAND_SPIKE
2026-05-06,PHC003,M001,Paracetamol,958,55,0,1,9500,48.142857142857146,2.340126166724557,2.9302449392037286,2.9302449392037286,True,DEMAND_SPIKE
2026-05-08,PHC003,M001,Paracetamol,847,58,0,2,9500,49.42857142857143,3.2586880211284543,2.630331138130971,2.630331138130971,True,DEMAND_SPIKE
2026-05-16,PHC003,M001,Paracetamol,1104,64,0,1,9500,50.714285714285715,2.4976179127507994,5.319354180592743,5.319354180592743,True,DEMAND_SPIKE
2026-05-30,PHC003,M001,Paracetamol,490,49,0,0,9500,38.857142857142854,3.57903950935475,2.8339606523890426,2.8339606523890426,True,DEMAND_SPIKE
2026-06-24,PHC003,M001,Paracetamol,472,50,0,1,9500,45.285714285714285,1.3801311186841458,3.4158245187460468,3.4158245187460468,True,DEMAND_SPIKE
2026-06-26,PHC003,M001,Paracetamol,370,53,0,1,9500,46.285714285714285,2.360387377407997,2.8445694035437725,2.8445694035437725,True,DEMAND_SPIKE
2026-06-28,PHC003,M001,Paracetamol,266,57,0,2,9500,47.0,3.5590260840102155,2.809757434745257,2.809757434745257,True,DEMAND_SPIKE
2026-06-29,PHC003,M001,Paracetamol,1306,61,1102,1,9500,49.0,4.690415759823262,2.558408596267417,2.558408596267417,True,DEMAND_SPIKE
2026-01-14,PHC003,M002,ORS,908,40,0,0,9500,29.857142857142858,3.2366943748507486,3.1337086447418603,3.1337086447418603,True,DEMAND_SPIKE
2026-01-22,PHC003,M002,ORS,1001,20,0,1,9500,28.857142857142858,3.132015933791493,-2.827936716918536,2.827936716918536,True,DEMAND_DROP
2026-02-01,PHC003,M002,ORS,1261,34,558,1,9500,28.428571428571427,2.1491969707422345,2.592330366771574,2.592330366771574,True,DEMAND_SPIKE
2026-02-04,PHC003,M002,ORS,1171,17,0,1,9500,31.142857142857142,3.484660262185848,-4.058604305369399,4.058604305369399,True,DEMAND_DROP
2026-02-17,PHC003,M002,ORS,1319,14,0,1,9500,27.428571428571427,5.28700113035556,-2.5399221784672346,2.5399221784672346,True,DEMAND_DROP
2026-03-08,PHC003,M002,ORS,1300,16,0,1,9500,25.857142857142858,3.023715784073814,-3.259943579704589,3.259943579704589,True,DEMAND_DROP
2026-03-15,PHC003,M002,ORS,1723,38,615,0,9500,24.0,4.082482904638624,3.429285639896454,3.429285639896454,True,DEMAND_SPIKE
2026-03-16,PHC003,M002,ORS,1711,11,0,1,9500,27.142857142857142,5.209880722517277,-3.0985080086550116,3.0985080086550116,True,DEMAND_DROP
2026-04-16,PHC003,M002,ORS,1824,23,0,3,9500,30.714285714285715,3.039423504234838,-2.5380752973507565,2.5380752973507565,True,DEMAND_DROP
2026-05-02,PHC003,M002,ORS,1816,22,0,0,9500,31.571428571428573,3.4572215654165013,-2.7685320105526636,2.7685320105526636,True,DEMAND_DROP
2026-06-29,PHC003,M002,ORS,1381,39,0,0,9500,27.285714285714285,4.231401884099627,2.7684171901290164,2.7684171901290164,True,DEMAND_SPIKE
2026-01-17,PHC003,M003,Amoxicillin,904,26,0,0,9500,18.571428571428573,2.760262237369416,2.6912556814351816,2.6912556814351816,True,DEMAND_SPIKE
2026-01-20,PHC003,M003,Amoxicillin,851,13,0,0,9500,20.714285714285715,2.9277002188456005,-2.6349301969610393,2.6349301969610393,True,DEMAND_DROP
2026-01-25,PHC003,M003,Amoxicillin,754,25,0,0,9500,17.571428571428573,2.760262237369414,2.691255681435184,2.691255681435184,True,DEMAND_SPIKE
2026-02-05,PHC003,M003,Amoxicillin,716,28,0,1,9500,19.857142857142858,2.4102953780654865,3.3783648331901275,3.3783648331901275,True,DEMAND_SPIKE
2026-02-15,PHC003,M003,Amoxicillin,796,24,291,0,9500,18.428571428571427,2.2253945610567496,2.5035688811888384,2.5035688811888384,True,DEMAND_SPIKE
2026-02-22,PHC003,M003,Amoxicillin,663,8,0,1,9500,20.428571428571427,3.10145895008263,-4.007330623621603,4.007330623621603,True,DEMAND_DROP
2026-04-01,PHC003,M003,Amoxicillin,702,25,259,1,9500,18.428571428571427,2.3704530408864093,2.772224742731561,2.772224742731561,True,DEMAND_SPIKE
2026-04-06,PHC003,M003,Amoxicillin,595,15,0,0,9500,22.285714285714285,1.976047040118702,-3.6870145992458907,3.6870145992458907,True,DEMAND_DROP
2026-05-18,PHC003,M003,Amoxicillin,672,15,0,0,9500,21.714285714285715,2.56347977784663,-2.6192075991041515,2.6192075991041515,True,DEMAND_DROP
2026-06-09,PHC003,M003,Amoxicillin,456,26,0,0,9500,17.285714285714285,2.690370836538231,3.239064888726868,3.239064888726868,True,DEMAND_SPIKE
2026-06-16,PHC003,M003,Amoxicillin,755,42,0,2,9500,21.428571428571427,5.411627692821668,3.8013384769088687,3.8013384769088687,True,DEMAND_SPIKE
2026-02-07,PHC003,M004,Cetirizine,1308,30,0,1,9500,16.285714285714285,3.4503277967117607,3.9747776218119726,3.9747776218119726,True,DEMAND_SPIKE
2026-03-17,PHC003,M004,Cetirizine,1576,26,0,1,9500,15.285714285714286,2.058663459163537,5.204486273166316,5.204486273166316,True,DEMAND_SPIKE
2026-03-26,PHC003,M004,Cetirizine,1444,16,0,2,9500,13.142857142857142,1.0690449676496516,2.672612419124359,2.672612419124359,True,DEMAND_SPIKE
2026-03-27,PHC003,M004,Cetirizine,1423,18,0,3,9500,13.571428571428571,1.5118578920368781,2.929224665821571,2.929224665821571,True,DEMAND_SPIKE
2026-03-31,PHC003,M004,Cetirizine,1343,25,0,0,9500,15.714285714285714,3.0394235042348354,3.055090635699987,3.055090635699987,True,DEMAND_SPIKE
2026-04-04,PHC003,M004,Cetirizine,1503,53,0,1,9500,18.0,4.16333199893226,8.406728074767086,8.406728074767086,True,DEMAND_SPIKE
2026-04-16,PHC003,M004,Cetirizine,1512,12,0,1,9500,19.857142857142858,2.9680841985233073,-2.647210231115402,2.647210231115402,True,DEMAND_DROP
2026-04-18,PHC003,M004,Cetirizine,1463,30,0,1,9500,18.142857142857142,3.8047589248453546,3.1163979351529596,3.1163979351529596,True,DEMAND_SPIKE
2026-04-29,PHC003,M004,Cetirizine,1223,49,0,1,9500,18.285714285714285,4.231401884099618,7.258654827777313,7.258654827777313,True,DEMAND_SPIKE
2026-05-10,PHC003,M004,Cetirizine,1335,28,0,0,9500,17.714285714285715,2.9840847683606175,3.446857272544909,3.446857272544909,True,DEMAND_SPIKE
2026-05-20,PHC003,M004,Cetirizine,1410,26,0,3,9500,16.142857142857142,1.9518001458970484,5.050282877508706,5.050282877508706,True,DEMAND_SPIKE
2026-05-28,PHC003,M004,Cetirizine,1221,52,0,0,9500,18.428571428571427,5.255382728122431,6.388008316079864,6.388008316079864,True,DEMAND_SPIKE
2026-06-05,PHC003,M004,Cetirizine,1340,7,0,0,9500,14.714285714285714,2.6276913640612025,-2.935765523985654,2.935765523985654,True,DEMAND_DROP
2026-06-24,PHC003,M004,Cetirizine,1220,9,0,1,9500,18.571428571428573,3.7352886036263584,-2.5624334789382193,2.5624334789382193,True,DEMAND_DROP
2026-06-26,PHC003,M004,Cetirizine,1178,26,0,2,9500,15.428571428571429,3.9940431835898917,2.6467987664386867,2.6467987664386867,True,DEMAND_SPIKE
2026-01-09,PHC003,M005,Ibuprofen,880,16,0,0,9500,25.142857142857142,3.2366943748507486,-2.824751454415198,2.824751454415198,True,DEMAND_DROP
2026-01-15,PHC003,M005,Ibuprofen,1222,32,490,0,9500,21.714285714285715,2.751622897751172,3.7380537478883915,3.7380537478883915,True,DEMAND_SPIKE
2026-01-21,PHC003,M005,Ibuprofen,1030,47,0,5,9500,27.142857142857142,5.367450401216935,3.6995484583594376,3.6995484583594376,True,DEMAND_SPIKE
2026-01-30,PHC003,M005,Ibuprofen,733,88,0,0,9500,24.714285714285715,2.288688541085287,27.651518828203884,27.651518828203884,True,DEMAND_SPIKE
2026-02-21,PHC003,M005,Ibuprofen,881,18,0,0,9500,23.142857142857142,1.5735915849387858,-3.2682286764117414,3.2682286764117414,True,DEMAND_DROP
2026-02-23,PHC003,M005,Ibuprofen,839,15,0,0,9500,22.571428571428573,2.878491668515638,-2.6303458350230207,2.6303458350230207,True,DEMAND_DROP
2026-03-12,PHC003,M005,Ibuprofen,791,29,0,1,9500,21.142857142857142,3.0783421635987853,2.552394256250364,2.552394256250364,True,DEMAND_SPIKE
2026-03-20,PHC003,M005,Ibuprofen,1086,15,0,1,9500,25.857142857142858,3.078342163598837,-3.5269447904549893,3.5269447904549893,True,DEMAND_DROP
2026-03-30,PHC003,M005,Ibuprofen,804,64,0,2,9500,23.714285714285715,5.90802521192671,6.818812181841792,6.818812181841792,True,DEMAND_SPIKE
2026-04-26,PHC003,M005,Ibuprofen,819,14,0,0,9500,27.142857142857142,4.220133150686551,-3.114322859864979,3.114322859864979,True,DEMAND_DROP
2026-05-13,PHC003,M005,Ibuprofen,878,16,0,0,9500,26.285714285714285,3.5923198500080242,-2.8632512457629042,2.8632512457629042,True,DEMAND_DROP
2026-05-19,PHC003,M005,Ibuprofen,1017,35,0,2,9500,21.0,3.55902608401037,3.9336604086431888,3.9336604086431888,True,DEMAND_SPIKE
2026-05-28,PHC003,M005,Ibuprofen,770,21,0,0,9500,28.142857142857142,2.410295378065443,-2.9634779238510425,2.9634779238510425,True,DEMAND_DROP
2026-06-01,PHC003,M005,Ibuprofen,919,16,242,0,9500,25.428571428571427,2.370453040886348,-3.977539848267124,3.977539848267124,True,DEMAND_DROP
2026-06-12,PHC003,M005,Ibuprofen,651,53,0,1,9500,22.285714285714285,4.270608298368609,7.192016586025627,7.192016586025627,True,DEMAND_SPIKE
2026-06-18,PHC003,M005,Ibuprofen,776,67,0,1,9500,26.285714285714285,12.65851868261429,3.2163546726999206,3.2163546726999206,True,DEMAND_SPIKE
2026-06-27,PHC003,M005,Ibuprofen,547,34,0,1,9500,22.857142857142858,2.609506430251413,4.270101431320706,4.270101431320706,True,DEMAND_SPIKE
2026-01-18,PHC003,M006,Azithromycin,1318,7,0,1,9500,14.285714285714286,2.6276913640612216,-2.7726674393197643,2.7726674393197643,True,DEMAND_DROP
2026-02-08,PHC003,M006,Azithromycin,1222,20,0,0,9500,10.571428571428571,3.359421718944244,2.8066054867129093,2.8066054867129093,True,DEMAND_SPIKE
2026-02-21,PHC003,M006,Azithromycin,1190,15,0,0,9500,7.571428571428571,1.3972762620115489,5.316465777409757,5.316465777409757,True,DEMAND_SPIKE
2026-02-25,PHC003,M006,Azithromycin,1130,29,0,1,9500,9.285714285714286,3.0937725468153894,6.3722479322466175,6.3722479322466175,True,DEMAND_SPIKE
2026-03-08,PHC003,M006,Azithromycin,1158,2,0,1,9500,10.285714285714286,3.1997023671109224,-2.589526566871165,2.589526566871165,True,DEMAND_DROP
2026-03-20,PHC003,M006,Azithromycin,1174,17,0,2,9500,10.142857142857142,2.115700942049816,3.241073783565674,3.241073783565674,True,DEMAND_SPIKE
2026-03-30,PHC003,M006,Azithromycin,1055,14,0,0,9500,11.142857142857142,0.6900655593423521,4.140393356054139,4.140393356054139,True,DEMAND_SPIKE
2026-03-31,PHC003,M006,Azithromycin,1037,17,0,1,9500,11.714285714285714,1.1126972805283728,4.750361466871137,4.750361466871137,True,DEMAND_SPIKE
2026-04-03,PHC003,M006,Azithromycin,1153,44,0,2,9500,12.714285714285714,2.360387377408329,13.254482965446776,13.254482965446776,True,DEMAND_SPIKE
2026-04-12,PHC003,M006,Azithromycin,1027,26,0,1,9500,10.714285714285714,3.545621041711684,4.311152857535772,4.311152857535772,True,DEMAND_SPIKE
2026-05-02,PHC003,M006,Azithromycin,1270,7,0,2,9500,15.0,3.0000000000000004,-2.666666666666666,2.666666666666666,True,DEMAND_DROP
2026-05-11,PHC003,M006,Azithromycin,1099,50,0,1,9500,14.142857142857142,2.8535691936340313,12.565716975476123,12.565716975476123,True,DEMAND_SPIKE
2026-06-03,PHC003,M006,Azithromycin,1146,19,0,4,9500,10.571428571428571,2.0701966780270733,4.071386800119869,4.071386800119869,True,DEMAND_SPIKE
2026-06-16,PHC003,M006,Azithromycin,1232,5,0,2,9500,10.142857142857142,1.9518001458970742,-2.6349301969610286,2.6349301969610286,True,DEMAND_DROP
2026-01-15,PHC003,M007,Iron Tablets,1160,13,256,0,9500,21.0,2.768874620972698,-2.889260474058454,2.889260474058454,True,DEMAND_DROP
2026-02-27,PHC003,M007,Iron Tablets,885,24,0,0,9500,14.428571428571429,2.3704530408864204,4.0378056035437755,4.0378056035437755,True,DEMAND_SPIKE
2026-03-13,PHC003,M007,Iron Tablets,881,10,0,0,9500,17.0,2.581988897471618,-2.711088342345185,2.711088342345185,True,DEMAND_DROP
2026-03-19,PHC003,M007,Iron Tablets,922,51,0,1,9500,15.142857142857142,3.76069902316806,9.534701563789689,9.534701563789689,True,DEMAND_SPIKE
2026-04-03,PHC003,M007,Iron Tablets,1047,29,0,1,9500,20.285714285714285,3.3523268393901016,2.599473778001649,2.599473778001649,True,DEMAND_SPIKE
2026-04-15,PHC003,M007,Iron Tablets,1304,30,507,0,9500,18.428571428571427,3.598941643369756,3.2152309534516457,3.2152309534516457,True,DEMAND_SPIKE
2026-05-11,PHC003,M007,Iron Tablets,1213,14,0,1,9500,21.142857142857142,1.2149857925878802,-5.878963512522306,5.878963512522306,True,DEMAND_DROP
2026-05-13,PHC003,M007,Iron Tablets,1156,32,0,1,9500,20.0,2.886751345948125,4.156921938165311,4.156921938165311,True,DEMAND_SPIKE
2026-05-15,PHC003,M007,Iron Tablets,1760,43,662,1,9500,20.571428571428573,6.106202935189285,3.67307992653149,3.67307992653149,True,DEMAND_SPIKE
2026-06-18,PHC003,M007,Iron Tablets,1799,24,0,2,9500,18.285714285714285,1.7994708216849136,3.175536744149711,3.175536744149711,True,DEMAND_SPIKE
2026-01-15,PHC003,M008,Antacid,1023,24,359,0,9500,17.142857142857142,1.6761634196950503,4.090975126035383,4.090975126035383,True,DEMAND_SPIKE
2026-02-06,PHC003,M008,Antacid,1002,47,0,1,9500,19.714285714285715,5.023753102820166,5.431340618709347,5.431340618709347,True,DEMAND_SPIKE
2026-03-30,PHC003,M008,Antacid,630,32,0,1,9500,19.857142857142858,2.5448360411213984,4.771567577102655,4.771567577102655,True,DEMAND_SPIKE
2026-04-12,PHC003,M008,Antacid,771,13,0,0,9500,23.714285714285715,2.1380899352993814,-5.01114828585799,5.01114828585799,True,DEMAND_DROP
2026-04-14,PHC003,M008,Antacid,743,9,0,0,9500,21.714285714285715,4.820590756130949,-2.6374953522273934,2.6374953522273934,True,DEMAND_DROP
2026-04-26,PHC003,M008,Antacid,906,30,0,1,9500,19.714285714285715,2.870208222079914,3.5836125778570445,3.5836125778570445,True,DEMAND_SPIKE
2026-05-06,PHC003,M008,Antacid,992,31,0,0,9500,21.285714285714285,1.3801311186846839,7.038668705292139,7.038668705292139,True,DEMAND_SPIKE
2026-05-16,PHC003,M008,Antacid,1066,75,0,0,9500,21.571428571428573,3.1014589500826153,17.22691555441939,17.22691555441939,True,DEMAND_SPIKE
2026-06-30,PHC003,M008,Antacid,922,27,0,0,9500,18.428571428571427,2.9920529661723774,2.8647315633565418,2.8647315633565418,True,DEMAND_SPIKE
2026-01-19,PHC004,M001,Paracetamol,3049,93,0,2,22000,124.71428571428571,9.357960705807006,-3.3890167645826583,3.3890167645826583,True,DEMAND_DROP
2026-01-30,PHC004,M001,Paracetamol,1657,107,0,2,22000,129.28571428571428,8.420496535523379,-2.6466033436030743,2.6466033436030743,True,DEMAND_DROP
2026-02-01,PHC004,M001,Paracetamol,5147,268,3891,1,22000,124.42857142857143,10.485818086939167,13.69196255180671,13.69196255180671,True,DEMAND_SPIKE
2026-02-24,PHC004,M001,Paracetamol,3632,75,0,2,22000,107.0,5.322906474223669,-6.01175319441755,6.01175319441755,True,DEMAND_DROP
2026-03-15,PHC004,M001,Paracetamol,4597,119,1198,4,22000,103.57142857142857,4.353433237386282,3.5440009269177284,3.5440009269177284,True,DEMAND_SPIKE
2026-03-26,PHC004,M001,Paracetamol,3445,116,0,4,22000,99.14285714285714,5.84318895320489,2.884921742586641,2.884921742586641,True,DEMAND_SPIKE
2026-04-15,PHC004,M001,Paracetamol,5610,155,2365,4,22000,124.28571428571429,11.926361357853239,2.5753274441966365,2.5753274441966365,True,DEMAND_SPIKE
2026-04-27,PHC004,M001,Paracetamol,4009,120,0,2,22000,138.0,6.3770421565697415,-2.8226252168422756,2.8226252168422756,True,DEMAND_DROP
2026-04-29,PHC004,M001,Paracetamol,3749,109,0,4,22000,138.14285714285714,9.191092996819885,-3.1707716539197848,3.1707716539197848,True,DEMAND_DROP
2026-05-09,PHC004,M001,Paracetamol,4364,104,0,5,22000,130.57142857142858,10.179344164485647,-2.6103281451208518,2.6103281451208518,True,DEMAND_DROP
2026-05-11,PHC004,M001,Paracetamol,3883,343,0,2,22000,123.71428571428571,10.796824930109242,20.31020375945797,20.31020375945797,True,DEMAND_SPIKE
2026-05-28,PHC004,M001,Paracetamol,3542,83,0,2,22000,111.85714285714286,9.388442743227282,-3.0736878997275756,3.0736878997275756,True,DEMAND_DROP
2026-06-05,PHC004,M001,Paracetamol,4037,129,0,2,22000,108.0,5.916079783099588,3.5496478698597866,3.5496478698597866,True,DEMAND_SPIKE
2026-06-14,PHC004,M001,Paracetamol,3012,137,0,3,22000,105.14285714285714,8.132825901422985,3.9171062117005206,3.9171062117005206,True,DEMAND_SPIKE
2026-06-26,PHC004,M001,Paracetamol,3390,131,0,3,22000,117.85714285714286,2.968084198523386,4.428060750229281,4.428060750229281,True,DEMAND_SPIKE
2026-02-05,PHC004,M002,ORS,1470,211,0,1,22000,82.28571428571429,5.736267244886858,22.438683593240516,22.438683593240516,True,DEMAND_SPIKE
2026-02-13,PHC004,M002,ORS,837,58,0,2,22000,80.42857142857143,8.772250620700474,-2.5567636400680587,2.5567636400680587,True,DEMAND_DROP
2026-03-05,PHC004,M002,ORS,1719,56,0,2,22000,69.85714285714286,4.598136268408767,-3.013643365105895,3.013643365105895,True,DEMAND_DROP
2026-04-09,PHC004,M002,ORS,1680,97,0,2,22000,72.57142857142857,5.711308748355917,4.277228303513367,4.277228303513367,True,DEMAND_SPIKE
2026-04-17,PHC004,M002,ORS,2016,109,0,1,22000,78.0,9.539392014169454,3.2496829938379475,3.2496829938379475,True,DEMAND_SPIKE
2026-04-30,PHC004,M002,ORS,985,65,0,0,22000,79.0,4.582575694955863,-3.055050463303878,3.055050463303878,True,DEMAND_DROP
2026-05-05,PHC004,M002,ORS,1373,101,0,1,22000,77.0,7.745966692414834,3.0983866769659336,3.0983866769659336,True,DEMAND_SPIKE
2026-05-29,PHC004,M002,ORS,744,56,0,0,22000,73.14285714285714,6.593647736737971,-2.5999049126239955,2.5999049126239955,True,DEMAND_DROP
2026-06-04,PHC004,M002,ORS,1359,84,0,4,22000,62.857142857142854,6.362090102803335,3.3232564772292275,3.3232564772292275,True,DEMAND_SPIKE
2026-06-27,PHC004,M002,ORS,501,87,0,1,22000,70.14285714285714,5.1130086194779665,3.296912661740038,3.296912661740038,True,DEMAND_SPIKE
2026-01-10,PHC004,M003,Amoxicillin,682,46,0,1,22000,36.42857142857143,3.3094381626464857,2.892161176921495,2.892161176921495,True,DEMAND_SPIKE
2026-01-13,PHC004,M003,Amoxicillin,575,28,0,0,22000,39.57142857142857,4.117326918327101,-2.8104225875097923,2.8104225875097923,True,DEMAND_DROP
2026-02-01,PHC004,M003,Amoxicillin,3371,173,3381,0,22000,38.714285714285715,5.313952882562588,25.27039987997723,25.27039987997723,True,DEMAND_SPIKE
2026-03-23,PHC004,M003,Amoxicillin,3071,46,0,3,22000,30.571428571428573,4.0766466144428914,3.7846232179925834,3.7846232179925834,True,DEMAND_SPIKE
2026-04-03,PHC004,M003,Amoxicillin,3155,45,0,3,22000,30.714285714285715,5.154748157905449,2.771369977368411,2.771369977368411,True,DEMAND_SPIKE
2026-04-06,PHC004,M003,Amoxicillin,3038,52,0,2,22000,34.0,6.2182527020592895,2.894703844062009,2.894703844062009,True,DEMAND_SPIKE
2026-04-30,PHC004,M003,Amoxicillin,2611,29,0,3,22000,46.285714285714285,4.85504156227623,-3.560363812335744,3.560363812335744,True,DEMAND_DROP
2026-05-02,PHC004,M003,Amoxicillin,3073,62,0,2,22000,42.714285714285715,7.064330251677286,2.7300131220698907,2.7300131220698907,True,DEMAND_SPIKE
2026-05-14,PHC004,M003,Amoxicillin,2571,84,0,0,22000,34.0,10.214368964029743,4.895064998736265,4.895064998736265,True,DEMAND_SPIKE
2026-05-30,PHC004,M003,Amoxicillin,2528,19,0,5,22000,33.285714285714285,5.186980037050685,-2.754148692239258,2.754148692239258,True,DEMAND_DROP
2026-06-10,PHC004,M003,Amoxicillin,2658,45,0,5,22000,29.428571428571427,4.503966505838426,3.457270064340744,3.457270064340744,True,DEMAND_SPIKE
2026-01-12,PHC004,M004,Cetirizine,503,76,0,0,22000,30.428571428571427,7.721337165222591,5.902012513672537,5.902012513672537,True,DEMAND_SPIKE
2026-01-25,PHC004,M004,Cetirizine,448,50,0,0,22000,37.42857142857143,3.505098327538667,3.586612242132567,3.586612242132567,True,DEMAND_SPIKE
2026-02-10,PHC004,M004,Cetirizine,412,23,0,0,22000,35.0,3.4641016151377606,-3.4641016151377486,3.4641016151377486,True,DEMAND_DROP
2026-02-21,PHC004,M004,Cetirizine,586,36,0,2,22000,29.0,2.4494897427831486,2.8577380332470756,2.8577380332470756,True,DEMAND_SPIKE
2026-03-04,PHC004,M004,Cetirizine,602,39,0,1,22000,28.0,3.9999999999999822,2.7500000000000124,2.7500000000000124,True,DEMAND_SPIKE
2026-03-10,PHC004,M004,Cetirizine,405,46,0,0,22000,30.142857142857142,6.25642526870233,2.5345372438903677,2.5345372438903677,True,DEMAND_SPIKE
2026-03-20,PHC004,M004,Cetirizine,454,37,0,1,22000,27.857142857142858,2.9680841985232895,3.0803900871161223,3.0803900871161223,True,DEMAND_SPIKE
2026-03-25,PHC004,M004,Cetirizine,1406,117,1201,0,22000,31.571428571428573,5.126959555693241,16.662618556003064,16.662618556003064,True,DEMAND_SPIKE
2026-04-04,PHC004,M004,Cetirizine,1588,49,0,1,22000,33.0,2.0816659994662055,7.686151382643914,7.686151382643914,True,DEMAND_SPIKE
2026-04-16,PHC004,M004,Cetirizine,1657,28,0,1,22000,35.714285714285715,1.9760470401188142,-3.9038978109660167,3.9038978109660167,True,DEMAND_DROP
2026-04-18,PHC004,M004,Cetirizine,1595,26,0,0,22000,34.0,2.943920288776001,-2.7174648819469818,2.7174648819469818,True,DEMAND_DROP
2026-05-09,PHC004,M004,Cetirizine,1273,45,0,1,22000,35.285714285714285,2.8702082220799934,3.3845229901982266,3.3845229901982266,True,DEMAND_SPIKE
2026-05-21,PHC004,M004,Cetirizine,1597,24,0,0,22000,34.285714285714285,3.988077469754326,-2.579115968463849,2.579115968463849,True,DEMAND_DROP
2026-05-31,PHC004,M004,Cetirizine,1252,44,0,1,22000,32.142857142857146,3.023715784073809,3.9213814074707427,3.9213814074707427,True,DEMAND_SPIKE
2026-06-20,PHC004,M004,Cetirizine,1487,93,0,1,22000,29.285714285714285,3.545621041711628,17.96985209776621,17.96985209776621,True,DEMAND_SPIKE
2026-01-16,PHC004,M005,Ibuprofen,1667,33,0,0,22000,51.857142857142854,7.0575862594461976,-2.671896901281736,2.671896901281736,True,DEMAND_DROP
2026-02-05,PHC004,M005,Ibuprofen,1343,198,0,0,22000,45.857142857142854,8.275034167675127,18.38576784820717,18.38576784820717,True,DEMAND_SPIKE
2026-02-15,PHC004,M005,Ibuprofen,1278,37,407,0,22000,46.857142857142854,3.9339789623472696,-2.5056419852488068,2.5056419852488068,True,DEMAND_DROP
2026-02-28,PHC004,M005,Ibuprofen,714,63,0,0,22000,38.42857142857143,2.439750182371442,10.071288752828412,10.071288752828412,True,DEMAND_SPIKE
2026-03-11,PHC004,M005,Ibuprofen,3298,159,2749,0,22000,42.42857142857143,3.0472470011002963,38.25467004458027,38.25467004458027,True,DEMAND_SPIKE
2026-03-29,PHC004,M005,Ibuprofen,3044,53,0,3,22000,43.42857142857143,3.3094381626465847,2.8921611769214084,2.8921611769214084,True,DEMAND_SPIKE
2026-04-25,PHC004,M005,Ibuprofen,3043,41,0,4,22000,54.714285714285715,4.990467102863422,-2.7480966073129216,2.7480966073129216,True,DEMAND_DROP
2026-04-28,PHC004,M005,Ibuprofen,2860,67,0,4,22000,51.285714285714285,5.089672082242839,3.087484902831104,3.087484902831104,True,DEMAND_SPIKE
2026-05-20,PHC004,M005,Ibuprofen,2897,44,0,1,22000,49.857142857142854,2.1930626551751975,-2.6707594711537976,2.6707594711537976,True,DEMAND_DROP
2026-05-26,PHC004,M005,Ibuprofen,2599,40,0,4,22000,47.57142857142857,2.699206232527387,-2.805057457332226,2.805057457332226,True,DEMAND_DROP
2026-05-28,PHC004,M005,Ibuprofen,2506,36,0,3,22000,47.285714285714285,4.191828786034683,-2.692312797534405,2.692312797534405,True,DEMAND_DROP
2026-06-11,PHC004,M005,Ibuprofen,2436,35,0,0,22000,46.857142857142854,4.413183712037266,-2.6867548760323916,2.6867548760323916,True,DEMAND_DROP
2026-06-27,PHC004,M005,Ibuprofen,2376,73,0,6,22000,50.714285714285715,4.715728494951295,4.725826414640619,4.725826414640619,True,DEMAND_SPIKE
2026-02-03,PHC004,M006,Azithromycin,566,33,0,0,22000,22.571428571428573,3.5989416433697548,2.8976772790366683,2.8976772790366683,True,DEMAND_SPIKE
2026-02-18,PHC004,M006,Azithromycin,401,35,0,0,22000,23.285714285714285,2.9277002188456116,4.00119029908897,4.00119029908897,True,DEMAND_SPIKE
2026-03-07,PHC004,M006,Azithromycin,337,36,0,0,22000,20.857142857142858,2.8535691936340384,5.30663744781062,5.30663744781062,True,DEMAND_SPIKE
2026-03-18,PHC004,M006,Azithromycin,386,65,0,1,22000,16.428571428571427,3.047247001100237,15.939445851908758,15.939445851908758,True,DEMAND_SPIKE
2026-04-14,PHC004,M006,Azithromycin,468,33,0,0,22000,24.142857142857142,2.4784787961281958,3.573620589766278,3.573620589766278,True,DEMAND_SPIKE
2026-04-15,PHC004,M006,Azithromycin,972,36,540,0,22000,25.571428571428573,4.076646614442745,2.558124952902486,2.558124952902486,True,DEMAND_SPIKE
2026-04-24,PHC004,M006,Azithromycin,749,38,0,0,22000,22.285714285714285,5.154748157905347,3.048506975105313,3.048506975105313,True,DEMAND_SPIKE
2026-05-03,PHC004,M006,Azithromycin,857,16,0,0,22000,26.714285714285715,2.6276913640611888,-4.077452116646763,4.077452116646763,True,DEMAND_DROP
2026-06-01,PHC004,M006,Azithromycin,1277,60,775,0,22000,24.571428571428573,4.1975049278169445,8.440388287286005,8.440388287286005,True,DEMAND_SPIKE
2026-06-16,PHC004,M006,Azithromycin,1165,51,0,0,22000,21.571428571428573,2.7602622373693975,10.661512891839447,10.661512891839447,True,DEMAND_SPIKE
2026-01-08,PHC004,M007,Iron Tablets,705,50,0,0,22000,40.857142857142854,3.5321651258386098,2.5884568861107367,2.5884568861107367,True,DEMAND_SPIKE
2026-01-10,PHC004,M007,Iron Tablets,595,59,0,1,22000,44.285714285714285,4.46147530585589,3.298076242845622,3.298076242845622,True,DEMAND_SPIKE
2026-02-02,PHC004,M007,Iron Tablets,966,127,0,0,22000,45.714285714285715,6.575568054403759,12.36177826967755,12.36177826967755,True,DEMAND_SPIKE
2026-02-05,PHC004,M007,Iron Tablets,709,163,0,0,22000,59.142857142857146,30.580105577693104,3.3962323182069802,3.3962323182069802,True,DEMAND_SPIKE
2026-03-14,PHC004,M007,Iron Tablets,945,51,785,0,22000,40.142857142857146,2.968084198523103,3.6579632284506243,3.6579632284506243,True,DEMAND_SPIKE
2026-04-08,PHC004,M007,Iron Tablets,1505,66,0,0,22000,49.857142857142854,5.61036455822522,2.877327662993039,2.877327662993039,True,DEMAND_SPIKE
2026-04-21,PHC004,M007,Iron Tablets,1690,62,0,1,22000,52.285714285714285,2.627691364061089,3.696889919093206,3.696889919093206,True,DEMAND_SPIKE
2026-04-26,PHC004,M007,Iron Tablets,1427,43,0,1,22000,54.0,4.20317340430609,-2.617070232869921,2.617070232869921,True,DEMAND_DROP
2026-05-12,PHC004,M007,Iron Tablets,1511,43,0,4,22000,53.714285714285715,3.9460649476950924,-2.715182303460048,2.715182303460048,True,DEMAND_DROP
2026-05-28,PHC004,M007,Iron Tablets,1501,53,0,1,22000,40.42857142857143,3.9520940802373037,3.1809537718984964,3.1809537718984964,True,DEMAND_SPIKE
2026-06-20,PHC004,M007,Iron Tablets,1818,60,0,4,22000,47.857142857142854,3.716116764785919,3.267619913863681,3.267619913863681,True,DEMAND_SPIKE
2026-06-25,PHC004,M007,Iron Tablets,1587,26,0,2,22000,49.857142857142854,5.928141120356047,-4.024388484144247,4.024388484144247,True,DEMAND_DROP
2026-01-17,PHC004,M008,Antacid,1806,35,0,1,22000,46.714285714285715,3.903600291794113,-3.000892724316755,3.000892724316755,True,DEMAND_DROP
2026-01-29,PHC004,M008,Antacid,1241,61,0,3,22000,45.57142857142857,5.7113087483559735,2.701407349587363,2.701407349587363,True,DEMAND_SPIKE
2026-03-09,PHC004,M008,Antacid,1633,27,0,2,22000,34.857142857142854,2.794552524023087,-2.811592478437862,2.811592478437862,True,DEMAND_DROP
2026-03-12,PHC004,M008,Antacid,1514,44,0,2,22000,34.285714285714285,3.728908942943218,2.6051281656178644,2.6051281656178644,True,DEMAND_SPIKE
2026-04-03,PHC004,M008,Antacid,1812,58,0,2,22000,39.142857142857146,5.20988072251728,3.619496080906737,3.619496080906737,True,DEMAND_SPIKE
2026-04-16,PHC004,M008,Antacid,2059,62,0,1,22000,49.857142857142854,3.2877840272018153,3.6933256693237704,3.6933256693237704,True,DEMAND_SPIKE
2026-04-19,PHC004,M008,Antacid,1900,70,0,1,22000,48.857142857142854,7.2670161558595305,2.909427568261186,2.909427568261186,True,DEMAND_SPIKE
2026-04-29,PHC004,M008,Antacid,1388,60,0,2,22000,46.857142857142854,3.4364987719368454,3.8244905687685433,3.8244905687685433,True,DEMAND_SPIKE
2026-05-04,PHC004,M008,Antacid,1790,30,0,0,22000,49.0,5.887840577551863,-3.226989547312117,3.226989547312117,True,DEMAND_DROP
2026-05-15,PHC004,M008,Antacid,1577,30,330,2,22000,49.57142857142857,6.5283265557910966,-2.9979242619331443,2.9979242619331443,True,DEMAND_DROP
2026-05-25,PHC004,M008,Antacid,1118,54,0,1,22000,42.857142857142854,2.6095064302513995,4.270101431320729,4.270101431320729,True,DEMAND_SPIKE
2026-06-04,PHC004,M008,Antacid,1322,49,0,1,22000,39.42857142857143,2.699206232527226,3.5460160309673654,3.5460160309673654,True,DEMAND_SPIKE
2026-06-17,PHC004,M008,Antacid,1311,51,0,1,22000,39.142857142857146,3.716116764785965,3.1907347394197885,3.1907347394197885,True,DEMAND_SPIKE
2026-01-11,PHC005,M001,Paracetamol,388,63,0,2,14500,53.857142857142854,3.236694374850751,2.824751454415197,2.824751454415197,True,DEMAND_SPIKE
2026-02-06,PHC005,M001,Paracetamol,609,41,0,0,14500,57.285714285714285,5.023753102820159,-3.241742568234903,3.241742568234903,True,DEMAND_DROP
2026-02-20,PHC005,M001,Paracetamol,1172,198,0,0,14500,48.714285714285715,5.122313465427038,29.14419730329186,29.14419730329186,True,DEMAND_SPIKE
2026-02-28,PHC005,M001,Paracetamol,763,37,0,0,14500,52.42857142857143,6.1334368521284555,-2.5154854937843423,2.5154854937843423,True,DEMAND_DROP
2026-03-26,PHC005,M001,Paracetamol,1016,68,0,0,14500,47.285714285714285,5.219012860502936,3.9690045355223673,3.9690045355223673,True,DEMAND_SPIKE
2026-03-30,PHC005,M001,Paracetamol,706,142,0,1,14500,55.0,7.979139469057189,10.90343142106775,10.90343142106775,True,DEMAND_SPIKE
2026-04-08,PHC005,M001,Paracetamol,788,49,0,1,14500,59.714285714285715,4.029651999626543,-2.6588612900763358,2.6588612900763358,True,DEMAND_DROP
2026-05-05,PHC005,M001,Paracetamol,1218,45,0,1,14500,64.57142857142857,6.99659781267866,-2.797277919271397,2.797277919271397,True,DEMAND_DROP
2026-06-02,PHC005,M001,Paracetamol,1233,39,0,1,14500,52.285714285714285,5.25085027128262,-2.5302024623278765,2.5302024623278765,True,DEMAND_DROP
2026-06-11,PHC005,M001,Paracetamol,726,127,0,0,14500,47.42857142857143,8.059303999253384,9.87323825714976,9.87323825714976,True,DEMAND_SPIKE
2026-06-23,PHC005,M001,Paracetamol,794,66,0,1,14500,49.714285714285715,6.237368187365751,2.6109913342461004,2.6109913342461004,True,DEMAND_SPIKE
2026-02-13,PHC005,M002,ORS,759,64,0,1,14500,46.57142857142857,4.237025012007936,4.113398287519665,4.113398287519665,True,DEMAND_SPIKE
2026-02-24,PHC005,M002,ORS,820,60,0,2,14500,45.142857142857146,4.70561974057159,3.157319051738371,3.157319051738371,True,DEMAND_SPIKE
2026-03-18,PHC005,M002,ORS,1447,58,0,0,14500,44.857142857142854,3.9761191895519983,3.305448482880613,3.305448482880613,True,DEMAND_SPIKE
2026-03-23,PHC005,M002,ORS,1169,91,0,0,14500,46.42857142857143,9.216961590045868,4.835804959799855,4.835804959799855,True,DEMAND_SPIKE
2026-04-04,PHC005,M002,ORS,1275,66,0,0,14500,47.857142857142854,6.039552175136038,3.004007021836596,3.004007021836596,True,DEMAND_SPIKE
2026-04-25,PHC005,M002,ORS,993,40,0,0,14500,54.285714285714285,4.029651999626739,-3.5451483867682745,3.5451483867682745,True,DEMAND_DROP
2026-05-09,PHC005,M002,ORS,774,66,0,1,14500,51.714285714285715,5.345224838248517,2.672612419124229,2.672612419124229,True,DEMAND_SPIKE
2026-05-30,PHC005,M002,ORS,543,57,0,1,14500,42.142857142857146,4.2983939414844405,3.456440489028787,3.456440489028787,True,DEMAND_SPIKE
2026-06-12,PHC005,M002,ORS,905,51,0,1,14500,41.142857142857146,3.3876526498727815,2.9097265498908294,2.9097265498908294,True,DEMAND_SPIKE
2026-06-14,PHC005,M002,ORS,802,56,0,0,14500,42.714285714285715,5.282495802626028,2.515044929919245,2.515044929919245,True,DEMAND_SPIKE
2026-06-16,PHC005,M002,ORS,1308,27,0,1,14500,45.0,6.782329983125256,-2.6539552107881534,2.6539552107881534,True,DEMAND_DROP
2026-01-21,PHC005,M003,Amoxicillin,2658,155,2060,1,14500,34.285714285714285,7.204495950776979,16.755410307540963,16.755410307540963,True,DEMAND_SPIKE
2026-02-15,PHC005,M003,Amoxicillin,2538,25,290,2,14500,34.857142857142854,1.4638501094230776,-6.733710503343599,6.733710503343599,True,DEMAND_DROP
2026-03-13,PHC005,M003,Amoxicillin,2189,40,0,3,14500,25.285714285714285,4.191828786034754,3.510230609443532,3.510230609443532,True,DEMAND_SPIKE
2026-03-31,PHC005,M003,Amoxicillin,1888,43,0,0,14500,28.857142857142858,3.848314411469616,3.675078392946638,3.675078392946638,True,DEMAND_SPIKE
2026-04-13,PHC005,M003,Amoxicillin,2025,53,0,1,14500,35.857142857142854,6.440201120787384,2.661851209510247,2.661851209510247,True,DEMAND_SPIKE
2026-04-24,PHC005,M003,Amoxicillin,2325,53,0,0,14500,34.142857142857146,4.561745697594785,4.133755826653254,4.133755826653254,True,DEMAND_SPIKE
2026-05-26,PHC005,M003,Amoxicillin,2306,46,0,0,14500,28.428571428571427,6.704653678780281,2.6207809401163864,2.6207809401163864,True,DEMAND_SPIKE
2026-06-01,PHC005,M003,Amoxicillin,2359,16,234,0,14500,33.0,6.63324958071086,-2.5628464289109676,2.5628464289109676,True,DEMAND_DROP
2026-06-26,PHC005,M003,Amoxicillin,1887,40,0,1,14500,28.571428571428573,3.7796447300924028,3.023715784073713,3.023715784073713,True,DEMAND_SPIKE
2026-01-09,PHC005,M004,Cetirizine,876,15,0,0,14500,28.285714285714285,4.15187851918806,-3.199928471970908,3.199928471970908,True,DEMAND_DROP
2026-02-02,PHC005,M004,Cetirizine,984,19,0,2,14500,33.714285714285715,3.545621041711675,-4.149988264730706,4.149988264730706,True,DEMAND_DROP
2026-02-12,PHC005,M004,Cetirizine,684,19,0,0,14500,30.0,4.163331998932268,-2.6421145377839363,2.6421145377839363,True,DEMAND_DROP
2026-02-27,PHC005,M004,Cetirizine,575,42,0,0,14500,24.428571428571427,4.577377082170642,3.8387548711840034,3.8387548711840034,True,DEMAND_SPIKE
2026-03-14,PHC005,M004,Cetirizine,486,15,0,0,14500,26.285714285714285,4.347960660443235,-2.595633945906909,2.595633945906909,True,DEMAND_DROP
2026-03-22,PHC005,M004,Cetirizine,552,30,0,1,14500,21.0,2.708012801545341,3.3234702564419583,3.3234702564419583,True,DEMAND_SPIKE
2026-03-30,PHC005,M004,Cetirizine,1326,82,1039,0,14500,25.857142857142858,4.634241089562623,12.114789899322192,12.114789899322192,True,DEMAND_SPIKE
2026-04-13,PHC005,M004,Cetirizine,1243,42,0,2,14500,27.857142857142858,5.367450401216951,2.6349301969610304,2.6349301969610304,True,DEMAND_SPIKE
2026-04-25,PHC005,M004,Cetirizine,1368,25,0,4,14500,36.57142857142857,3.6449573777637525,-3.1746402967619476,3.1746402967619476,True,DEMAND_DROP
2026-05-13,PHC005,M004,Cetirizine,1224,38,0,1,14500,28.857142857142858,2.1157009420498847,4.321431711420757,4.321431711420757,True,DEMAND_SPIKE
2026-05-15,PHC005,M004,Cetirizine,1509,19,333,2,14500,30.0,4.203173404306196,-2.6170702328698554,2.6170702328698554,True,DEMAND_DROP
2026-05-22,PHC005,M004,Cetirizine,1282,47,0,1,14500,27.428571428571427,5.159365040297877,3.7933793051205797,3.7933793051205797,True,DEMAND_SPIKE
2026-06-20,PHC005,M004,Cetirizine,1341,33,0,0,14500,27.0,2.3804761428476664,2.520504151250365,2.520504151250365,True,DEMAND_SPIKE
2026-06-21,PHC005,M004,Cetirizine,1301,38,0,2,14500,27.571428571428573,3.258688021128727,3.200236218059081,3.200236218059081,True,DEMAND_SPIKE
2026-02-06,PHC005,M005,Ibuprofen,1612,57,0,1,14500,41.57142857142857,3.82348631736113,4.035210315390857,4.035210315390857,True,DEMAND_SPIKE
2026-02-10,PHC005,M005,Ibuprofen,1409,84,0,2,14500,42.0,7.916228058025288,5.305557102719063,5.305557102719063,True,DEMAND_SPIKE
2026-03-16,PHC005,M005,Ibuprofen,1261,48,0,1,14500,35.285714285714285,2.870208222079889,4.429743325406664,4.429743325406664,True,DEMAND_SPIKE
2026-03-20,PHC005,M005,Ibuprofen,1061,70,0,0,14500,39.57142857142857,6.679749068568928,4.555346483261004,4.555346483261004,True,DEMAND_SPIKE
2026-04-04,PHC005,M005,Ibuprofen,1255,50,0,0,14500,35.857142857142854,5.4598098693565875,2.5903570785925214,2.5903570785925214,True,DEMAND_SPIKE
2026-04-22,PHC005,M005,Ibuprofen,1177,55,0,0,14500,40.857142857142854,4.634241089562609,3.0518173028826996,3.0518173028826996,True,DEMAND_SPIKE
2026-05-06,PHC005,M005,Ibuprofen,1075,53,0,0,14500,39.714285714285715,4.423960733486294,3.0031266293009122,3.0031266293009122,True,DEMAND_SPIKE
2026-05-25,PHC005,M005,Ibuprofen,1046,27,0,1,14500,36.285714285714285,2.9277002188455703,-3.171675237082764,3.171675237082764,True,DEMAND_DROP
2026-06-02,PHC005,M005,Ibuprofen,1329,45,0,1,14500,35.57142857142857,2.1491969707421927,4.387020620690441,4.387020620690441,True,DEMAND_SPIKE
2026-06-07,PHC005,M005,Ibuprofen,1148,50,0,0,14500,35.0,5.322906474223749,2.8180093098831844,2.8180093098831844,True,DEMAND_SPIKE
2026-06-24,PHC005,M005,Ibuprofen,961,28,0,0,14500,40.857142857142854,4.634241089562607,-2.7743793662569995,2.7743793662569995,True,DEMAND_DROP
2026-01-22,PHC005,M006,Azithromycin,1052,27,0,0,14500,13.0,3.214550253664319,4.355197117867785,4.355197117867785,True,DEMAND_SPIKE
2026-01-29,PHC005,M006,Azithromycin,899,47,0,1,14500,17.571428571428573,5.411627692821658,5.4380258766890845,5.4380258766890845,True,DEMAND_SPIKE
2026-02-09,PHC005,M006,Azithromycin,872,11,0,0,14500,16.428571428571427,2.0701966780270546,-2.6222491255009555,2.6222491255009555,True,DEMAND_DROP
2026-02-14,PHC005,M006,Azithromycin,776,40,0,0,14500,13.142857142857142,2.911389784311002,9.22485302444611,9.22485302444611,True,DEMAND_SPIKE
2026-03-14,PHC005,M006,Azithromycin,801,6,0,0,14500,11.857142857142858,1.864454471471614,-3.1414780820685926,3.1414780820685926,True,DEMAND_DROP
2026-04-08,PHC005,M006,Azithromycin,891,24,0,0,14500,14.285714285714286,3.251373336211726,2.9877484711134783,2.9877484711134783,True,DEMAND_SPIKE
2026-04-11,PHC005,M006,Azithromycin,828,40,0,0,14500,14.857142857142858,5.698788509515903,4.41196529768973,4.41196529768973,True,DEMAND_SPIKE
2026-05-04,PHC005,M006,Azithromycin,849,25,0,1,14500,15.142857142857142,3.6253078686998457,2.7189809015249105,2.7189809015249105,True,DEMAND_SPIKE
2026-06-04,PHC005,M006,Azithromycin,831,27,0,0,14500,13.428571428571429,4.035556254807275,3.362963545672763,3.362963545672763,True,DEMAND_SPIKE
2026-06-30,PHC005,M006,Azithromycin,710,10,0,0,14500,15.857142857142858,2.340126166724851,-2.5029175522362053,2.5029175522362053,True,DEMAND_DROP
2026-01-19,PHC005,M007,Iron Tablets,941,29,0,1,14500,22.0,1.7320508075688734,4.041451884327389,4.041451884327389,True,DEMAND_SPIKE
2026-01-22,PHC005,M007,Iron Tablets,856,32,0,0,14500,23.857142857142858,3.023715784073816,2.6929968701907456,2.6929968701907456,True,DEMAND_SPIKE
2026-01-26,PHC005,M007,Iron Tablets,762,14,0,0,14500,26.857142857142858,4.298393941484475,-2.9911504231979653,2.9911504231979653,True,DEMAND_DROP
2026-02-06,PHC005,M007,Iron Tablets,847,58,0,0,14500,24.285714285714285,4.3094580368566735,7.823323820755191,7.823323820755191,True,DEMAND_SPIKE
2026-02-17,PHC005,M007,Iron Tablets,757,15,0,2,14500,25.285714285714285,4.029651999626688,-2.5525068384731897,2.5525068384731897,True,DEMAND_DROP
2026-03-10,PHC005,M007,Iron Tablets,543,50,0,0,14500,20.714285714285715,4.889249625940794,5.989817768831776,5.989817768831776,True,DEMAND_SPIKE
2026-03-24,PHC005,M007,Iron Tablets,598,36,0,1,14500,21.857142857142858,3.9339789623472443,3.59505154405266,3.59505154405266,True,DEMAND_SPIKE
2026-04-16,PHC005,M007,Iron Tablets,866,38,0,0,14500,23.285714285714285,4.608480795022957,3.192871223457581,3.192871223457581,True,DEMAND_SPIKE
2026-05-01,PHC005,M007,Iron Tablets,932,39,483,0,14500,28.0,2.828427124746175,3.8890872965260317,3.8890872965260317,True,DEMAND_SPIKE
2026-05-20,PHC005,M007,Iron Tablets,635,37,0,1,14500,23.142857142857142,4.450789122113523,3.1134125830168715,3.1134125830168715,True,DEMAND_SPIKE
2026-06-09,PHC005,M007,Iron Tablets,456,11,0,1,14500,19.0,2.943920288776043,-2.717464881946943,2.717464881946943,True,DEMAND_DROP
2026-01-10,PHC005,M008,Antacid,502,35,0,1,14500,22.428571428571427,4.577377082170635,2.746426249302381,2.746426249302381,True,DEMAND_SPIKE
2026-01-14,PHC005,M008,Antacid,378,48,0,1,14500,26.142857142857142,5.785861256216783,3.777681815936708,3.777681815936708,True,DEMAND_SPIKE
2026-02-26,PHC005,M008,Antacid,227,30,0,0,14500,22.285714285714285,2.138089935299385,3.6080267658177467,3.6080267658177467,True,DEMAND_SPIKE
2026-04-13,PHC005,M008,Antacid,280,33,0,0,14500,26.0,2.449489742783177,2.8577380332470423,2.8577380332470423,True,DEMAND_SPIKE
2026-04-17,PHC005,M008,Antacid,540,37,0,1,14500,25.571428571428573,4.157609203101497,2.748832530976199,2.748832530976199,True,DEMAND_SPIKE
2026-05-29,PHC005,M008,Antacid,1439,119,1348,0,14500,21.714285714285715,3.0394235042348483,32.00794958325665,32.00794958325665,True,DEMAND_SPIKE
2026-06-23,PHC005,M008,Antacid,1410,34,0,1,14500,25.142857142857142,3.07834216359877,2.877244434318606,2.877244434318606,True,DEMAND_SPIKE
2026-01-16,PHC006,M001,Paracetamol,3416,110,0,3,27000,92.14285714285714,5.113008619478066,3.492492226419464,3.492492226419464,True,DEMAND_SPIKE
2026-01-23,PHC006,M001,Paracetamol,2669,84,0,2,27000,106.71428571428571,8.17953311043865,-2.7769660453232876,2.7769660453232876,True,DEMAND_DROP
2026-02-10,PHC006,M001,Paracetamol,2471,73,0,3,27000,93.71428571428571,5.736267244886838,-3.611108902352814,3.611108902352814,True,DEMAND_DROP
2026-02-12,PHC006,M001,Paracetamol,2120,264,0,4,27000,86.71428571428571,7.341986237031594,24.146832827269353,24.146832827269353,True,DEMAND_SPIKE
2026-02-22,PHC006,M001,Paracetamol,2442,64,0,1,27000,88.71428571428571,9.196272536817816,-2.6874242379551734,2.6874242379551734,True,DEMAND_DROP
2026-04-10,PHC006,M001,Paracetamol,1775,134,0,1,27000,96.71428571428571,12.106668764421935,3.079766615510819,3.079766615510819,True,DEMAND_SPIKE
2026-04-22,PHC006,M001,Paracetamol,1570,318,0,1,27000,108.57142857142857,8.791229395580315,23.822444166211742,23.822444166211742,True,DEMAND_SPIKE
2026-04-30,PHC006,M001,Paracetamol,3685,247,3146,2,27000,110.57142857142857,13.660858231423367,9.9868228714029,9.9868228714029,True,DEMAND_SPIKE
2026-05-15,PHC006,M001,Paracetamol,5800,138,2326,5,27000,97.14285714285714,9.651054716602633,4.233438111883942,4.233438111883942,True,DEMAND_SPIKE
2026-05-24,PHC006,M001,Paracetamol,4914,80,0,2,27000,95.85714285714286,4.140393356054236,-3.829863854349964,3.829863854349964,True,DEMAND_DROP
2026-05-26,PHC006,M001,Paracetamol,4741,75,0,5,27000,91.57142857142857,5.472876844254969,-3.0279191443571505,3.0279191443571505,True,DEMAND_DROP
2026-06-02,PHC006,M001,Paracetamol,5536,107,0,2,27000,81.42857142857143,9.69290363886813,2.6381597841216777,2.6381597841216777,True,DEMAND_SPIKE
2026-06-11,PHC006,M001,Paracetamol,4724,73,0,3,27000,89.28571428571429,3.8172540616823096,-4.266342774820962,4.266342774820962,True,DEMAND_DROP
2026-06-28,PHC006,M001,Paracetamol,4561,135,0,3,27000,98.42857142857143,8.618916073713377,4.243158682443478,4.243158682443478,True,DEMAND_SPIKE
2026-01-14,PHC006,M002,ORS,2592,126,2174,1,27000,100.57142857142857,9.015859043136945,2.8204269062888883,2.8204269062888883,True,DEMAND_SPIKE
2026-01-16,PHC006,M002,ORS,3745,84,0,1,27000,108.57142857142857,8.885515232803378,-2.7653352594249383,2.7653352594249383,True,DEMAND_DROP
2026-01-23,PHC006,M002,ORS,2735,327,0,2,27000,107.14285714285714,14.287856982166955,15.387692019282685,15.387692019282685,True,DEMAND_SPIKE
2026-02-20,PHC006,M002,ORS,2563,79,0,0,27000,99.42857142857143,5.740416444159656,-3.5587263793998107,3.5587263793998107,True,DEMAND_DROP
2026-03-25,PHC006,M002,ORS,1610,118,0,2,27000,92.42857142857143,6.373307431706475,4.012269743055802,4.012269743055802,True,DEMAND_SPIKE
2026-04-03,PHC006,M002,ORS,2600,126,0,2,27000,108.85714285714286,3.9761191895516865,4.311454542888092,4.311454542888092,True,DEMAND_SPIKE
2026-04-09,PHC006,M002,ORS,1796,253,0,2,27000,110.57142857142857,12.09486313629516,11.775955612193846,11.775955612193846,True,DEMAND_SPIKE
2026-04-23,PHC006,M002,ORS,1230,98,0,1,27000,126.28571428571429,10.950103282835261,-2.5831458895966137,2.5831458895966137,True,DEMAND_DROP
2026-05-29,PHC006,M002,ORS,2367,270,0,2,27000,97.28571428571429,11.146214390459724,15.495331389114089,15.495331389114089,True,DEMAND_SPIKE
2026-06-09,PHC006,M002,ORS,2511,117,0,1,27000,96.85714285714286,7.380798769522327,2.7290890555143466,2.7290890555143466,True,DEMAND_SPIKE
2026-01-26,PHC006,M003,Amoxicillin,1054,37,0,3,27000,45.57142857142857,3.3094381626464915,-2.5899950838102894,2.5899950838102894,True,DEMAND_DROP
2026-02-06,PHC006,M003,Amoxicillin,1137,60,0,0,27000,45.857142857142854,5.304984179322037,2.6659565165120935,2.6659565165120935,True,DEMAND_SPIKE
2026-03-01,PHC006,M003,Amoxicillin,1217,26,292,1,27000,41.42857142857143,3.735288603626337,-4.130489786945213,4.130489786945213,True,DEMAND_DROP
2026-03-14,PHC006,M003,Amoxicillin,682,57,0,1,27000,39.857142857142854,4.775931721614493,3.5894267636351467,3.5894267636351467,True,DEMAND_SPIKE
2026-03-31,PHC006,M003,Amoxicillin,502,56,0,0,27000,38.0,4.932882862316222,3.6489818433572427,3.6489818433572427,True,DEMAND_SPIKE
2026-04-12,PHC006,M003,Amoxicillin,843,60,0,0,27000,41.0,5.196152422706609,3.656551704867646,3.656551704867646,True,DEMAND_SPIKE
2026-04-26,PHC006,M003,Amoxicillin,840,66,0,0,27000,47.857142857142854,6.309478885734032,2.8754921716084705,2.8754921716084705,True,DEMAND_SPIKE
2026-05-07,PHC006,M003,Amoxicillin,956,61,0,1,27000,47.285714285714285,1.8898223650461237,7.256917881777211,7.256917881777211,True,DEMAND_SPIKE
2026-05-19,PHC006,M003,Amoxicillin,1025,32,0,1,27000,46.857142857142854,5.113008619478085,-2.905753532380982,2.905753532380982,True,DEMAND_DROP
2026-05-31,PHC006,M003,Amoxicillin,530,63,0,1,27000,40.42857142857143,5.472876844254889,4.124234696624455,4.124234696624455,True,DEMAND_SPIKE
2026-06-15,PHC006,M003,Amoxicillin,1249,56,727,0,27000,45.57142857142857,4.076646614442781,2.5581249529024643,2.5581249529024643,True,DEMAND_SPIKE
2026-06-16,PHC006,M003,Amoxicillin,1139,107,0,3,27000,46.285714285714285,5.407226205560056,11.228360606008199,11.228360606008199,True,DEMAND_SPIKE
2026-06-26,PHC006,M003,Amoxicillin,706,57,0,0,27000,39.285714285714285,6.264031867583046,2.827936716918509,2.827936716918509,True,DEMAND_SPIKE
2026-01-08,PHC006,M004,Cetirizine,1142,65,0,2,27000,45.57142857142857,4.649628761422529,4.1785210014546115,4.1785210014546115,True,DEMAND_SPIKE
2026-01-21,PHC006,M004,Cetirizine,1228,45,0,1,27000,54.0,3.511884584284214,-2.562726588531771,2.562726588531771,True,DEMAND_DROP
2026-01-25,PHC006,M004,Cetirizine,996,75,0,2,27000,51.57142857142857,6.502746672423445,3.6028731563427283,3.6028731563427283,True,DEMAND_SPIKE
2026-02-16,PHC006,M004,Cetirizine,1202,60,0,0,27000,47.57142857142857,4.928053803045819,2.522004005088147,2.522004005088147,True,DEMAND_SPIKE
2026-02-17,PHC006,M004,Cetirizine,1069,130,0,3,27000,48.285714285714285,6.34335047416547,12.881880962920631,12.881880962920631,True,DEMAND_SPIKE
2026-03-26,PHC006,M004,Cetirizine,983,60,0,3,27000,44.285714285714285,2.7516228977512247,5.710915448162712,5.710915448162712,True,DEMAND_SPIKE
2026-04-07,PHC006,M004,Cetirizine,1252,61,0,1,27000,46.714285714285715,4.461475305855908,3.2020157697530176,3.2020157697530176,True,DEMAND_SPIKE
2026-04-11,PHC006,M004,Cetirizine,917,160,0,2,27000,52.714285714285715,8.300889223737537,12.924604990380548,12.924604990380548,True,DEMAND_SPIKE
2026-04-20,PHC006,M004,Cetirizine,1209,45,0,0,27000,60.42857142857143,3.309438162646532,-4.661991150858466,4.661991150858466,True,DEMAND_DROP
2026-04-25,PHC006,M004,Cetirizine,924,36,0,2,27000,58.142857142857146,8.8020560368695,-2.5156460093081137,2.5156460093081137,True,DEMAND_DROP
2026-05-29,PHC006,M004,Cetirizine,2136,126,1658,1,27000,47.142857142857146,6.335839103296218,12.44620350540743,12.44620350540743,True,DEMAND_SPIKE
2026-06-07,PHC006,M004,Cetirizine,2178,36,0,2,27000,47.0,3.3665016461207764,-3.267486891822944,3.267486891822944,True,DEMAND_DROP
2026-06-08,PHC006,M004,Cetirizine,2118,59,0,1,27000,45.285714285714285,5.282495802626109,2.596175411529504,2.596175411529504,True,DEMAND_SPIKE
2026-06-27,PHC006,M004,Cetirizine,1888,65,0,2,27000,48.57142857142857,2.3704530408865594,6.930561856828463,6.930561856828463,True,DEMAND_SPIKE
2026-01-22,PHC006,M005,Ibuprofen,714,42,0,0,27000,57.285714285714285,2.690370836538233,-5.681638411373353,5.681638411373353,True,DEMAND_DROP
2026-01-28,PHC006,M005,Ibuprofen,371,75,0,0,27000,52.714285714285715,7.040698017343778,3.165270578402388,3.165270578402388,True,DEMAND_SPIKE
2026-02-17,PHC006,M005,Ibuprofen,2577,67,0,2,27000,52.714285714285715,2.4976179127511466,5.719735678055917,5.719735678055917,True,DEMAND_SPIKE
2026-03-23,PHC006,M005,Ibuprofen,2135,69,0,2,27000,48.714285714285715,6.969320524371724,2.910716219002285,2.910716219002285,True,DEMAND_SPIKE
2026-03-30,PHC006,M005,Ibuprofen,1670,173,0,0,27000,50.42857142857143,10.309496315810708,11.889177202910703,11.889177202910703,True,DEMAND_SPIKE
2026-04-14,PHC006,M005,Ibuprofen,1570,45,0,0,27000,57.857142857142854,3.891382420536048,-3.3040039419646012,3.3040039419646012,True,DEMAND_DROP
2026-04-27,PHC006,M005,Ibuprofen,1873,72,0,0,27000,55.285714285714285,6.36957051703084,2.624083628495103,2.624083628495103,True,DEMAND_SPIKE
2026-05-17,PHC006,M005,Ibuprofen,2124,36,0,1,27000,61.57142857142857,4.1975049278169125,-6.092054449291155,6.092054449291155,True,DEMAND_DROP
2026-06-08,PHC006,M005,Ibuprofen,1982,66,0,3,27000,48.285714285714285,6.01980857154905,2.9426659508754742,2.9426659508754742,True,DEMAND_SPIKE
2026-06-21,PHC006,M005,Ibuprofen,2033,37,0,1,27000,57.0,6.782329983125258,-2.948839123097947,2.948839123097947,True,DEMAND_DROP
2026-01-11,PHC006,M006,Azithromycin,1040,15,0,0,27000,28.285714285714285,3.450327796711774,-3.850565821130333,3.850565821130333,True,DEMAND_DROP
2026-01-20,PHC006,M006,Azithromycin,1179,40,0,0,27000,26.428571428571427,4.237025012007948,3.2030560435603856,3.2030560435603856,True,DEMAND_SPIKE
2026-03-10,PHC006,M006,Azithromycin,1126,31,0,0,27000,19.0,4.58257569495583,2.618614682831914,2.618614682831914,True,DEMAND_SPIKE
2026-03-18,PHC006,M006,Azithromycin,1174,34,0,2,27000,21.428571428571427,3.309438162646474,3.798659456255112,3.798659456255112,True,DEMAND_SPIKE
2026-03-26,PHC006,M006,Azithromycin,987,16,0,1,27000,23.571428571428573,2.2253945610567336,-3.4022859154617793,3.4022859154617793,True,DEMAND_DROP
2026-04-03,PHC006,M006,Azithromycin,1045,16,0,2,27000,24.0,2.380476142847602,-3.3606722016672443,3.3606722016672443,True,DEMAND_DROP
2026-04-19,PHC006,M006,Azithromycin,1227,20,0,1,27000,31.285714285714285,4.151878519188052,-2.71821880952368,2.71821880952368,True,DEMAND_DROP
2026-05-17,PHC006,M006,Azithromycin,1240,40,0,1,27000,25.142857142857142,4.0178174601214955,3.697814299580845,3.697814299580845,True,DEMAND_SPIKE
2026-06-08,PHC006,M006,Azithromycin,927,61,0,0,27000,23.285714285714285,2.9840847683606335,12.638476665997933,12.638476665997933,True,DEMAND_SPIKE
2026-06-21,PHC006,M006,Azithromycin,1021,36,0,1,27000,26.714285714285715,1.4960264830862051,6.206918387272437,6.206918387272437,True,DEMAND_SPIKE
2026-01-15,PHC006,M007,Iron Tablets,1212,46,813,1,27000,35.42857142857143,2.572750982712417,4.10899797238956,4.10899797238956,True,DEMAND_SPIKE
2026-01-16,PHC006,M007,Iron Tablets,1084,127,0,1,27000,36.42857142857143,4.685336802448787,19.330825592749598,19.330825592749598,True,DEMAND_SPIKE
2026-01-25,PHC006,M007,Iron Tablets,676,35,0,1,27000,46.42857142857143,4.466808810815728,-2.5585539727822706,2.5585539727822706,True,DEMAND_DROP
2026-02-02,PHC006,M007,Iron Tablets,882,123,0,0,27000,39.714285714285715,3.7289089429432454,22.33514294934123,22.33514294934123,True,DEMAND_SPIKE
2026-02-18,PHC006,M007,Iron Tablets,727,151,0,2,27000,40.0,6.164414002968976,18.006577745514644,18.006577745514644,True,DEMAND_SPIKE
2026-03-06,PHC006,M007,Iron Tablets,627,24,0,1,27000,34.714285714285715,3.7289089429432694,-2.873303123843193,2.873303123843193,True,DEMAND_DROP
2026-03-07,PHC006,M007,Iron Tablets,579,47,0,1,27000,33.142857142857146,5.490251100164506,2.523954297231988,2.523954297231988,True,DEMAND_SPIKE
2026-03-10,PHC006,M007,Iron Tablets,459,52,0,0,27000,35.142857142857146,6.718843437888513,2.5089352078191065,2.5089352078191065,True,DEMAND_SPIKE
2026-03-22,PHC006,M007,Iron Tablets,577,53,0,1,27000,36.857142857142854,5.756983337031429,2.804047918467862,2.804047918467862,True,DEMAND_SPIKE
2026-04-09,PHC006,M007,Iron Tablets,516,56,0,0,27000,41.0,4.618802153517033,3.247595264191626,3.247595264191626,True,DEMAND_SPIKE
2026-04-13,PHC006,M007,Iron Tablets,316,62,0,1,27000,43.714285714285715,7.0406980173437805,2.597145089971189,2.597145089971189,True,DEMAND_SPIKE
2026-05-02,PHC006,M007,Iron Tablets,1616,36,0,2,27000,54.57142857142857,6.133436852128391,-3.027899205481184,3.027899205481184,True,DEMAND_DROP
2026-05-16,PHC006,M007,Iron Tablets,1712,100,0,4,27000,45.714285714285715,8.340948901139997,6.508337951608215,6.508337951608215,True,DEMAND_SPIKE
2026-01-15,PHC006,M008,Antacid,1361,39,621,0,27000,52.142857142857146,5.04739442447194,-2.6038894601014175,2.6038894601014175,True,DEMAND_DROP
2026-01-26,PHC006,M008,Antacid,715,115,0,0,27000,55.142857142857146,5.8145957563293855,10.294291360149382,10.294291360149382,True,DEMAND_SPIKE
2026-02-11,PHC006,M008,Antacid,814,32,0,2,27000,50.857142857142854,5.72795982960111,-3.2921220501045396,3.2921220501045396,True,DEMAND_DROP
2026-02-26,PHC006,M008,Antacid,695,34,0,0,27000,48.142857142857146,5.047394424471976,-2.8020114842395487,2.8020114842395487,True,DEMAND_DROP
2026-03-09,PHC006,M008,Antacid,1084,33,0,4,27000,43.0,3.7416573867740115,-2.6726124191241936,2.6726124191241936,True,DEMAND_DROP
2026-03-27,PHC006,M008,Antacid,1065,52,0,0,27000,41.285714285714285,3.6839419880651287,2.9083752537354823,2.9083752537354823,True,DEMAND_SPIKE
2026-04-09,PHC006,M008,Antacid,1235,66,0,3,27000,45.857142857142854,5.0803074522635026,3.9648893954011797,3.9648893954011797,True,DEMAND_SPIKE
2026-04-10,PHC006,M008,Antacid,1163,72,0,0,27000,49.57142857142857,8.462803768199258,2.65025304176985,2.65025304176985,True,DEMAND_SPIKE
2026-04-16,PHC006,M008,Antacid,1659,150,0,1,27000,57.857142857142854,10.123052428797829,9.102279948756488,9.102279948756488,True,DEMAND_SPIKE
2026-04-26,PHC006,M008,Antacid,1121,63,0,0,27000,50.857142857142854,4.099941927579417,2.961714423605561,2.961714423605561,True,DEMAND_SPIKE
2026-04-29,PHC006,M008,Antacid,960,39,0,0,27000,55.42857142857143,5.996030432909796,-2.7399079461641187,2.7399079461641187,True,DEMAND_DROP
2026-05-09,PHC006,M008,Antacid,1084,197,0,2,27000,54.57142857142857,4.7908643220592735,29.729201633360155,29.729201633360155,True,DEMAND_SPIKE
2026-05-30,PHC006,M008,Antacid,918,33,0,1,27000,45.285714285714285,3.903600291794221,-3.147277735258948,3.147277735258948,True,DEMAND_DROP
2026-06-15,PHC006,M008,Antacid,1876,62,738,0,27000,44.142857142857146,5.490251100164543,3.2525184242680036,3.2525184242680036,True,DEMAND_SPIKE
2026-06-27,PHC006,M008,Antacid,1280,37,0,1,27000,49.142857142857146,3.716116764786075,-3.2676199138635442,3.2676199138635442,True,DEMAND_DROP
