date,phc_id,medicine_id,medicine_name,daily_demand,predicted_demand,prediction_error,absolute_error
2026-05-28,PHC001,M001,Paracetamol,43,67,-24,24
2026-05-29,PHC001,M001,Paracetamol,53,65,-12,12
2026-05-30,PHC001,M001,Paracetamol,60,64,-4,4
2026-05-31,PHC001,M001,Paracetamol,55,63,-8,8
2026-06-01,PHC001,M001,Paracetamol,48,61,-13,13
2026-06-02,PHC001,M001,Paracetamol,53,60,-7,7
2026-06-03,PHC001,M001,Paracetamol,50,60,-10,10
2026-06-04,PHC001,M001,Paracetamol,66,59,7,7
2026-06-05,PHC001,M001,Paracetamol,58,61,-3,3
2026-06-06,PHC001,M001,Paracetamol,46,60,-14,14
2026-06-07,PHC001,M001,Paracetamol,61,55,6,6
2026-06-08,PHC001,M001,Paracetamol,61,53,8,8
2026-06-09,PHC001,M001,Paracetamol,55,54,1,1
2026-06-10,PHC001,M001,Paracetamol,44,54,-10,10
2026-06-11,PHC001,M001,Paracetamol,54,53,1,1
2026-06-12,PHC001,M001,Paracetamol,45,53,-8,8
2026-06-13,PHC001,M001,Paracetamol,48,52,-4,4
2026-06-14,PHC001,M001,Paracetamol,65,52,13,13
2026-06-15,PHC001,M001,Paracetamol,52,53,-1,1
2026-06-16,PHC001,M001,Paracetamol,50,52,-2,2
2026-06-17,PHC001,M001,Paracetamol,53,52,1,1
2026-06-18,PHC001,M001,Paracetamol,62,52,10,10
2026-06-19,PHC001,M001,Paracetamol,71,53,18,18
2026-06-20,PHC001,M001,Paracetamol,47,55,-8,8
2026-06-21,PHC001,M001,Paracetamol,200,53,147,147
2026-06-22,PHC001,M001,Paracetamol,50,69,-19,19
2026-06-23,PHC001,M001,Paracetamol,73,65,8,8
2026-06-24,PHC001,M001,Paracetamol,57,67,-10,10
2026-06-25,PHC001,M001,Paracetamol,63,67,-4,4
2026-06-26,PHC001,M001,Paracetamol,48,68,-20,20
2026-06-27,PHC001,M001,Paracetamol,53,68,-15,15
2026-06-28,PHC001,M001,Paracetamol,58,66,-8,8
2026-06-29,PHC001,M001,Paracetamol,53,63,-10,10
2026-06-30,PHC001,M001,Paracetamol,65,63,2,2
2026-05-28,PHC001,M002,ORS,40,40,0,0
2026-05-29,PHC001,M002,ORS,47,40,7,7
2026-05-30,PHC001,M002,ORS,40,40,0,0
2026-05-31,PHC001,M002,ORS,45,40,5,5
2026-06-01,PHC001,M002,ORS,35,41,-6,6
2026-06-02,PHC001,M002,ORS,32,40,-8,8
2026-06-03,PHC001,M002,ORS,39,40,-1,1
2026-06-04,PHC001,M002,ORS,30,40,-10,10
2026-06-05,PHC001,M002,ORS,41,38,3,3
2026-06-06,PHC001,M002,ORS,30,38,-8,8
2026-06-07,PHC001,M002,ORS,38,37,1,1
2026-06-08,PHC001,M002,ORS,43,37,6,6
2026-06-09,PHC001,M002,ORS,44,37,7,7
2026-06-10,PHC001,M002,ORS,37,38,-1,1
2026-06-11,PHC001,M002,ORS,34,38,-4,4
2026-06-12,PHC001,M002,ORS,34,37,-3,3
2026-06-13,PHC001,M002,ORS,49,36,13,13
2026-06-14,PHC001,M002,ORS,44,38,6,6
2026-06-15,PHC001,M002,ORS,38,38,0,0
2026-06-16,PHC001,M002,ORS,45,38,7,7
2026-06-17,PHC001,M002,ORS,35,38,-3,3
2026-06-18,PHC001,M002,ORS,51,38,13,13
2026-06-19,PHC001,M002,ORS,32,40,-8,8
2026-06-20,PHC001,M002,ORS,38,39,-1,1
2026-06-21,PHC001,M002,ORS,33,39,-6,6
2026-06-22,PHC001,M002,ORS,32,38,-6,6
2026-06-23,PHC001,M002,ORS,36,37,-1,1
2026-06-24,PHC001,M002,ORS,39,37,2,2
2026-06-25,PHC001,M002,ORS,25,37,-12,12
2026-06-26,PHC001,M002,ORS,31,36,-5,5
2026-06-27,PHC001,M002,ORS,35,35,0,0
2026-06-28,PHC001,M002,ORS,51,35,16,16
2026-06-29,PHC001,M002,ORS,41,36,5,5
2026-06-30,PHC001,M002,ORS,48,36,12,12
2026-05-28,PHC001,M003,Amoxicillin,12,25,-13,13
2026-05-29,PHC001,M003,Amoxicillin,15,24,-9,9
2026-05-30,PHC001,M003,Amoxicillin,18,22,-4,4
2026-05-31,PHC001,M003,Amoxicillin,17,22,-5,5
2026-06-01,PHC001,M003,Amoxicillin,11,22,-11,11
2026-06-02,PHC001,M003,Amoxicillin,12,21,-9,9
2026-06-03,PHC001,M003,Amoxicillin,15,20,-5,5
2026-06-04,PHC001,M003,Amoxicillin,19,19,0,0
2026-06-05,PHC001,M003,Amoxicillin,24,17,7,7
2026-06-06,PHC001,M003,Amoxicillin,21,17,4,4
2026-06-07,PHC001,M003,Amoxicillin,17,17,0,0
2026-06-08,PHC001,M003,Amoxicillin,16,17,-1,1
2026-06-09,PHC001,M003,Amoxicillin,25,17,8,8
2026-06-10,PHC001,M003,Amoxicillin,24,18,6,6
2026-06-11,PHC001,M003,Amoxicillin,23,19,4,4
2026-06-12,PHC001,M003,Amoxicillin,17,19,-2,2
2026-06-13,PHC001,M003,Amoxicillin,16,19,-3,3
2026-06-14,PHC001,M003,Amoxicillin,21,19,2,2
2026-06-15,PHC001,M003,Amoxicillin,24,19,5,5
2026-06-16,PHC001,M003,Amoxicillin,19,20,-1,1
2026-06-17,PHC001,M003,Amoxicillin,16,20,-4,4
2026-06-18,PHC001,M003,Amoxicillin,14,20,-6,6
2026-06-19,PHC001,M003,Amoxicillin,27,19,8,8
2026-06-20,PHC001,M003,Amoxicillin,22,20,2,2
2026-06-21,PHC001,M003,Amoxicillin,22,20,2,2
2026-06-22,PHC001,M003,Amoxicillin,22,20,2,2
2026-06-23,PHC001,M003,Amoxicillin,16,20,-4,4
2026-06-24,PHC001,M003,Amoxicillin,11,19,-8,8
2026-06-25,PHC001,M003,Amoxicillin,23,19,4,4
2026-06-26,PHC001,M003,Amoxicillin,23,19,4,4
2026-06-27,PHC001,M003,Amoxicillin,18,19,-1,1
2026-06-28,PHC001,M003,Amoxicillin,14,19,-5,5
2026-06-29,PHC001,M003,Amoxicillin,27,18,9,9
2026-06-30,PHC001,M003,Amoxicillin,21,19,2,2
2026-05-28,PHC001,M004,Cetirizine,19,18,1,1
2026-05-29,PHC001,M004,Cetirizine,15,18,-3,3
2026-05-30,PHC001,M004,Cetirizine,29,17,12,12
2026-05-31,PHC001,M004,Cetirizine,20,18,2,2
2026-06-01,PHC001,M004,Cetirizine,19,19,0,0
2026-06-02,PHC001,M004,Cetirizine,15,19,-4,4
2026-06-03,PHC001,M004,Cetirizine,14,19,-5,5
2026-06-04,PHC001,M004,Cetirizine,10,18,-8,8
2026-06-05,PHC001,M004,Cetirizine,14,18,-4,4
2026-06-06,PHC001,M004,Cetirizine,20,17,3,3
2026-06-07,PHC001,M004,Cetirizine,11,17,-6,6
2026-06-08,PHC001,M004,Cetirizine,24,16,8,8
2026-06-09,PHC001,M004,Cetirizine,16,17,-1,1
2026-06-10,PHC001,M004,Cetirizine,11,17,-6,6
2026-06-11,PHC001,M004,Cetirizine,18,16,2,2
2026-06-12,PHC001,M004,Cetirizine,15,17,-2,2
2026-06-13,PHC001,M004,Cetirizine,20,16,4,4
2026-06-14,PHC001,M004,Cetirizine,13,16,-3,3
2026-06-15,PHC001,M004,Cetirizine,12,15,-3,3
2026-06-16,PHC001,M004,Cetirizine,28,15,13,13
2026-06-17,PHC001,M004,Cetirizine,24,17,7,7
2026-06-18,PHC001,M004,Cetirizine,12,17,-5,5
2026-06-19,PHC001,M004,Cetirizine,24,17,7,7
2026-06-20,PHC001,M004,Cetirizine,15,18,-3,3
2026-06-21,PHC001,M004,Cetirizine,12,18,-6,6
2026-06-22,PHC001,M004,Cetirizine,11,17,-6,6
2026-06-23,PHC001,M004,Cetirizine,17,16,1,1
2026-06-24,PHC001,M004,Cetirizine,29,16,13,13
2026-06-25,PHC001,M004,Cetirizine,21,18,3,3
2026-06-26,PHC001,M004,Cetirizine,19,18,1,1
2026-06-27,PHC001,M004,Cetirizine,22,18,4,4
2026-06-28,PHC001,M004,Cetirizine,15,19,-4,4
2026-06-29,PHC001,M004,Cetirizine,13,18,-5,5
2026-06-30,PHC001,M004,Cetirizine,21,18,3,3
2026-05-28,PHC001,M005,Ibuprofen,21,30,-9,9
2026-05-29,PHC001,M005,Ibuprofen,30,29,1,1
2026-05-30,PHC001,M005,Ibuprofen,31,29,2,2
2026-05-31,PHC001,M005,Ibuprofen,25,29,-4,4
2026-06-01,PHC001,M005,Ibuprofen,21,29,-8,8
2026-06-02,PHC001,M005,Ibuprofen,29,28,1,1
2026-06-03,PHC001,M005,Ibuprofen,27,28,-1,1
2026-06-04,PHC001,M005,Ibuprofen,24,28,-4,4
2026-06-05,PHC001,M005,Ibuprofen,32,27,5,5
2026-06-06,PHC001,M005,Ibuprofen,31,28,3,3
2026-06-07,PHC001,M005,Ibuprofen,34,28,6,6
2026-06-08,PHC001,M005,Ibuprofen,38,29,9,9
2026-06-09,PHC001,M005,Ibuprofen,33,30,3,3
2026-06-10,PHC001,M005,Ibuprofen,28,29,-1,1
2026-06-11,PHC001,M005,Ibuprofen,28,29,-1,1
2026-06-12,PHC001,M005,Ibuprofen,36,29,7,7
2026-06-13,PHC001,M005,Ibuprofen,40,30,10,10
2026-06-14,PHC001,M005,Ibuprofen,26,31,-5,5
2026-06-15,PHC001,M005,Ibuprofen,33,30,3,3
2026-06-16,PHC001,M005,Ibuprofen,44,31,13,13
2026-06-17,PHC001,M005,Ibuprofen,35,32,3,3
2026-06-18,PHC001,M005,Ibuprofen,36,33,3,3
2026-06-19,PHC001,M005,Ibuprofen,26,34,-8,8
2026-06-20,PHC001,M005,Ibuprofen,26,33,-7,7
2026-06-21,PHC001,M005,Ibuprofen,33,32,1,1
2026-06-22,PHC001,M005,Ibuprofen,28,32,-4,4
2026-06-23,PHC001,M005,Ibuprofen,43,31,12,12
2026-06-24,PHC001,M005,Ibuprofen,27,32,-5,5
2026-06-25,PHC001,M005,Ibuprofen,27,32,-5,5
2026-06-26,PHC001,M005,Ibuprofen,36,31,5,5
2026-06-27,PHC001,M005,Ibuprofen,37,32,5,5
2026-06-28,PHC001,M005,Ibuprofen,25,32,-7,7
2026-06-29,PHC001,M005,Ibuprofen,35,31,4,4
2026-06-30,PHC001,M005,Ibuprofen,35,31,4,4
2026-05-28,PHC001,M006,Azithromycin,17,16,1,1
2026-05-29,PHC001,M006,Azithromycin,15,16,-1,1
2026-05-30,PHC001,M006,Azithromycin,22,16,6,6
2026-05-31,PHC001,M006,Azithromycin,14,16,-2,2
2026-06-01,PHC001,M006,Azithromycin,11,16,-5,5
2026-06-02,PHC001,M006,Azithromycin,13,16,-3,3
2026-06-03,PHC001,M006,Azithromycin,12,16,-4,4
2026-06-04,PHC001,M006,Azithromycin,39,16,23,23
2026-06-05,PHC001,M006,Azithromycin,19,18,1,1
2026-06-06,PHC001,M006,Azithromycin,13,18,-5,5
2026-06-07,PHC001,M006,Azithromycin,10,17,-7,7
2026-06-08,PHC001,M006,Azithromycin,14,16,-2,2
2026-06-09,PHC001,M006,Azithromycin,14,16,-2,2
2026-06-10,PHC001,M006,Azithromycin,16,16,0,0
2026-06-11,PHC001,M006,Azithromycin,14,16,-2,2
2026-06-12,PHC001,M006,Azithromycin,17,16,1,1
2026-06-13,PHC001,M006,Azithromycin,11,16,-5,5
2026-06-14,PHC001,M006,Azithromycin,10,15,-5,5
2026-06-15,PHC001,M006,Azithromycin,9,15,-6,6
2026-06-16,PHC001,M006,Azithromycin,12,14,-2,2
2026-06-17,PHC001,M006,Azithromycin,14,14,0,0
2026-06-18,PHC001,M006,Azithromycin,18,13,5,5
2026-06-19,PHC001,M006,Azithromycin,20,13,7,7
2026-06-20,PHC001,M006,Azithromycin,10,14,-4,4
2026-06-21,PHC001,M006,Azithromycin,15,13,2,2
2026-06-22,PHC001,M006,Azithromycin,19,14,5,5
2026-06-23,PHC001,M006,Azithromycin,14,14,0,0
2026-06-24,PHC001,M006,Azithromycin,21,14,7,7
2026-06-25,PHC001,M006,Azithromycin,15,15,0,0
2026-06-26,PHC001,M006,Azithromycin,17,15,2,2
2026-06-27,PHC001,M006,Azithromycin,11,15,-4,4
2026-06-28,PHC001,M006,Azithromycin,12,15,-3,3
2026-06-29,PHC001,M006,Azithromycin,20,15,5,5
2026-06-30,PHC001,M006,Azithromycin,19,15,4,4
2026-05-28,PHC001,M007,Iron Tablets,24,26,-2,2
2026-05-29,PHC001,M007,Iron Tablets,18,26,-8,8
2026-05-30,PHC001,M007,Iron Tablets,24,25,-1,1
2026-05-31,PHC001,M007,Iron Tablets,27,25,2,2
2026-06-01,PHC001,M007,Iron Tablets,24,25,-1,1
2026-06-02,PHC001,M007,Iron Tablets,23,25,-2,2
2026-06-03,PHC001,M007,Iron Tablets,30,24,6,6
2026-06-04,PHC001,M007,Iron Tablets,18,25,-7,7
2026-06-05,PHC001,M007,Iron Tablets,32,24,8,8
2026-06-06,PHC001,M007,Iron Tablets,32,25,7,7
2026-06-07,PHC001,M007,Iron Tablets,33,26,7,7
2026-06-08,PHC001,M007,Iron Tablets,23,26,-3,3
2026-06-09,PHC001,M007,Iron Tablets,26,26,0,0
2026-06-10,PHC001,M007,Iron Tablets,20,26,-6,6
2026-06-11,PHC001,M007,Iron Tablets,18,25,-7,7
2026-06-12,PHC001,M007,Iron Tablets,22,25,-3,3
2026-06-13,PHC001,M007,Iron Tablets,18,25,-7,7
2026-06-14,PHC001,M007,Iron Tablets,24,24,0,0
2026-06-15,PHC001,M007,Iron Tablets,28,23,5,5
2026-06-16,PHC001,M007,Iron Tablets,21,24,-3,3
2026-06-17,PHC001,M007,Iron Tablets,18,23,-5,5
2026-06-18,PHC001,M007,Iron Tablets,33,23,10,10
2026-06-19,PHC001,M007,Iron Tablets,23,24,-1,1
2026-06-20,PHC001,M007,Iron Tablets,34,23,11,11
2026-06-21,PHC001,M007,Iron Tablets,25,24,1,1
2026-06-22,PHC001,M007,Iron Tablets,35,24,11,11
2026-06-23,PHC001,M007,Iron Tablets,42,25,17,17
2026-06-24,PHC001,M007,Iron Tablets,32,27,5,5
2026-06-25,PHC001,M007,Iron Tablets,28,27,1,1
2026-06-26,PHC001,M007,Iron Tablets,37,28,9,9
2026-06-27,PHC001,M007,Iron Tablets,27,29,-2,2
2026-06-28,PHC001,M007,Iron Tablets,36,29,7,7
2026-06-29,PHC001,M007,Iron Tablets,30,30,0,0
2026-06-30,PHC001,M007,Iron Tablets,36,30,6,6
2026-05-28,PHC001,M008,Antacid,29,29,0,0
2026-05-29,PHC001,M008,Antacid,34,29,5,5
2026-05-30,PHC001,M008,Antacid,28,30,-2,2
2026-05-31,PHC001,M008,Antacid,24,29,-5,5
2026-06-01,PHC001,M008,Antacid,32,28,4,4
2026-06-02,PHC001,M008,Antacid,32,29,3,3
2026-06-03,PHC001,M008,Antacid,34,29,5,5
2026-06-04,PHC001,M008,Antacid,34,30,4,4
2026-06-05,PHC001,M008,Antacid,29,30,-1,1
2026-06-06,PHC001,M008,Antacid,26,30,-4,4
2026-06-07,PHC001,M008,Antacid,27,29,-2,2
2026-06-08,PHC001,M008,Antacid,35,29,6,6
2026-06-09,PHC001,M008,Antacid,30,30,0,0
2026-06-10,PHC001,M008,Antacid,27,30,-3,3
2026-06-11,PHC001,M008,Antacid,25,29,-4,4
2026-06-12,PHC001,M008,Antacid,29,29,0,0
2026-06-13,PHC001,M008,Antacid,32,29,3,3
2026-06-14,PHC001,M008,Antacid,31,29,2,2
2026-06-15,PHC001,M008,Antacid,28,29,-1,1
2026-06-16,PHC001,M008,Antacid,25,29,-4,4
2026-06-17,PHC001,M008,Antacid,32,28,4,4
2026-06-18,PHC001,M008,Antacid,22,29,-7,7
2026-06-19,PHC001,M008,Antacid,37,28,9,9
2026-06-20,PHC001,M008,Antacid,25,29,-4,4
2026-06-21,PHC001,M008,Antacid,33,28,5,5
2026-06-22,PHC001,M008,Antacid,36,28,8,8
2026-06-23,PHC001,M008,Antacid,37,29,8,8
2026-06-24,PHC001,M008,Antacid,30,30,0,0
2026-06-25,PHC001,M008,Antacid,30,30,0,0
2026-06-26,PHC001,M008,Antacid,33,30,3,3
2026-06-27,PHC001,M008,Antacid,34,30,4,4
2026-06-28,PHC001,M008,Antacid,31,31,0,0
2026-06-29,PHC001,M008,Antacid,38,30,8,8
2026-06-30,PHC001,M008,Antacid,110,31,79,79
2026-05-28,PHC002,M001,Paracetamol,75,77,-2,2
2026-05-29,PHC002,M001,Paracetamol,55,76,-21,21
2026-05-30,PHC002,M001,Paracetamol,84,74,10,10
2026-05-31,PHC002,M001,Paracetamol,56,75,-19,19
2026-06-01,PHC002,M001,Paracetamol,70,72,-2,2
2026-06-02,PHC002,M001,Paracetamol,79,71,8,8
2026-06-03,PHC002,M001,Paracetamol,76,71,5,5
2026-06-04,PHC002,M001,Paracetamol,64,71,-7,7
2026-06-05,PHC002,M001,Paracetamol,82,71,11,11
2026-06-06,PHC002,M001,Paracetamol,70,73,-3,3
2026-06-07,PHC002,M001,Paracetamol,78,72,6,6
2026-06-08,PHC002,M001,Paracetamol,72,72,0,0
2026-06-09,PHC002,M001,Paracetamol,75,71,4,4
2026-06-10,PHC002,M001,Paracetamol,62,71,-9,9
2026-06-11,PHC002,M001,Paracetamol,72,70,2,2
2026-06-12,PHC002,M001,Paracetamol,73,71,2,2
2026-06-13,PHC002,M001,Paracetamol,72,70,2,2
2026-06-14,PHC002,M001,Paracetamol,69,71,-2,2
2026-06-15,PHC002,M001,Paracetamol,72,70,2,2
2026-06-16,PHC002,M001,Paracetamol,65,70,-5,5
2026-06-17,PHC002,M001,Paracetamol,88,69,19,19
2026-06-18,PHC002,M001,Paracetamol,73,72,1,1
2026-06-19,PHC002,M001,Paracetamol,54,71,-17,17
2026-06-20,PHC002,M001,Paracetamol,78,69,9,9
2026-06-21,PHC002,M001,Paracetamol,73,70,3,3
2026-06-22,PHC002,M001,Paracetamol,93,70,23,23
2026-06-23,PHC002,M001,Paracetamol,70,72,-2,2
2026-06-24,PHC002,M001,Paracetamol,76,71,5,5
2026-06-25,PHC002,M001,Paracetamol,83,72,11,11
2026-06-26,PHC002,M001,Paracetamol,81,73,8,8
2026-06-27,PHC002,M001,Paracetamol,103,74,29,29
2026-06-28,PHC002,M001,Paracetamol,85,77,8,8
2026-06-29,PHC002,M001,Paracetamol,78,77,1,1
2026-06-30,PHC002,M001,Paracetamol,83,78,5,5
2026-05-28,PHC002,M002,ORS,59,63,-4,4
2026-05-29,PHC002,M002,ORS,67,63,4,4
2026-05-30,PHC002,M002,ORS,48,64,-16,16
2026-05-31,PHC002,M002,ORS,57,62,-5,5
2026-06-01,PHC002,M002,ORS,56,62,-6,6
2026-06-02,PHC002,M002,ORS,49,58,-9,9
2026-06-03,PHC002,M002,ORS,46,56,-10,10
2026-06-04,PHC002,M002,ORS,55,54,1,1
2026-06-05,PHC002,M002,ORS,43,54,-11,11
2026-06-06,PHC002,M002,ORS,48,53,-5,5
2026-06-07,PHC002,M002,ORS,60,52,8,8
2026-06-08,PHC002,M002,ORS,58,52,6,6
2026-06-09,PHC002,M002,ORS,72,53,19,19
2026-06-10,PHC002,M002,ORS,58,55,3,3
2026-06-11,PHC002,M002,ORS,53,55,-2,2
2026-06-12,PHC002,M002,ORS,72,54,18,18
2026-06-13,PHC002,M002,ORS,59,56,3,3
2026-06-14,PHC002,M002,ORS,64,56,8,8
2026-06-15,PHC002,M002,ORS,58,57,1,1
2026-06-16,PHC002,M002,ORS,53,57,-4,4
2026-06-17,PHC002,M002,ORS,52,57,-5,5
2026-06-18,PHC002,M002,ORS,59,57,2,2
2026-06-19,PHC002,M002,ORS,69,57,12,12
2026-06-20,PHC002,M002,ORS,57,59,-2,2
2026-06-21,PHC002,M002,ORS,57,59,-2,2
2026-06-22,PHC002,M002,ORS,53,58,-5,5
2026-06-23,PHC002,M002,ORS,63,57,6,6
2026-06-24,PHC002,M002,ORS,64,58,6,6
2026-06-25,PHC002,M002,ORS,56,59,-3,3
2026-06-26,PHC002,M002,ORS,60,58,2,2
2026-06-27,PHC002,M002,ORS,66,57,9,9
2026-06-28,PHC002,M002,ORS,76,58,18,18
2026-06-29,PHC002,M002,ORS,63,60,3,3
2026-06-30,PHC002,M002,ORS,59,60,-1,1
2026-05-28,PHC002,M003,Amoxicillin,34,32,2,2
2026-05-29,PHC002,M003,Amoxicillin,37,32,5,5
2026-05-30,PHC002,M003,Amoxicillin,36,33,3,3
2026-05-31,PHC002,M003,Amoxicillin,27,33,-6,6
2026-06-01,PHC002,M003,Amoxicillin,26,33,-7,7
2026-06-02,PHC002,M003,Amoxicillin,27,33,-6,6
2026-06-03,PHC002,M003,Amoxicillin,27,32,-5,5
2026-06-04,PHC002,M003,Amoxicillin,30,31,-1,1
2026-06-05,PHC002,M003,Amoxicillin,36,31,5,5
2026-06-06,PHC002,M003,Amoxicillin,29,32,-3,3
2026-06-07,PHC002,M003,Amoxicillin,46,31,15,15
2026-06-08,PHC002,M003,Amoxicillin,28,33,-5,5
2026-06-09,PHC002,M003,Amoxicillin,45,32,13,13
2026-06-10,PHC002,M003,Amoxicillin,42,33,9,9
2026-06-11,PHC002,M003,Amoxicillin,36,34,2,2
2026-06-12,PHC002,M003,Amoxicillin,36,34,2,2
2026-06-13,PHC002,M003,Amoxicillin,32,34,-2,2
2026-06-14,PHC002,M003,Amoxicillin,30,34,-4,4
2026-06-15,PHC002,M003,Amoxicillin,34,34,0,0
2026-06-16,PHC002,M003,Amoxicillin,26,34,-8,8
2026-06-17,PHC002,M003,Amoxicillin,33,34,-1,1
2026-06-18,PHC002,M003,Amoxicillin,21,34,-13,13
2026-06-19,PHC002,M003,Amoxicillin,43,32,11,11
2026-06-20,PHC002,M003,Amoxicillin,35,34,1,1
2026-06-21,PHC002,M003,Amoxicillin,38,33,5,5
2026-06-22,PHC002,M003,Amoxicillin,32,34,-2,2
2026-06-23,PHC002,M003,Amoxicillin,32,33,-1,1
2026-06-24,PHC002,M003,Amoxicillin,37,33,4,4
2026-06-25,PHC002,M003,Amoxicillin,17,33,-16,16
2026-06-26,PHC002,M003,Amoxicillin,36,31,5,5
2026-06-27,PHC002,M003,Amoxicillin,43,32,11,11
2026-06-28,PHC002,M003,Amoxicillin,42,33,9,9
2026-06-29,PHC002,M003,Amoxicillin,36,33,3,3
2026-06-30,PHC002,M003,Amoxicillin,43,34,9,9
2026-05-28,PHC002,M004,Cetirizine,22,34,-12,12
2026-05-29,PHC002,M004,Cetirizine,30,32,-2,2
2026-05-30,PHC002,M004,Cetirizine,38,32,6,6
2026-05-31,PHC002,M004,Cetirizine,28,33,-5,5
2026-06-01,PHC002,M004,Cetirizine,32,33,-1,1
2026-06-02,PHC002,M004,Cetirizine,34,33,1,1
2026-06-03,PHC002,M004,Cetirizine,22,32,-10,10
2026-06-04,PHC002,M004,Cetirizine,34,31,3,3
2026-06-05,PHC002,M004,Cetirizine,34,31,3,3
2026-06-06,PHC002,M004,Cetirizine,35,31,4,4
2026-06-07,PHC002,M004,Cetirizine,29,31,-2,2
2026-06-08,PHC002,M004,Cetirizine,37,31,6,6
2026-06-09,PHC002,M004,Cetirizine,40,32,8,8
2026-06-10,PHC002,M004,Cetirizine,32,32,0,0
2026-06-11,PHC002,M004,Cetirizine,36,33,3,3
2026-06-12,PHC002,M004,Cetirizine,37,33,4,4
2026-06-13,PHC002,M004,Cetirizine,25,33,-8,8
2026-06-14,PHC002,M004,Cetirizine,27,33,-6,6
2026-06-15,PHC002,M004,Cetirizine,34,32,2,2
2026-06-16,PHC002,M004,Cetirizine,43,32,11,11
2026-06-17,PHC002,M004,Cetirizine,20,34,-14,14
2026-06-18,PHC002,M004,Cetirizine,30,32,-2,2
2026-06-19,PHC002,M004,Cetirizine,36,32,4,4
2026-06-20,PHC002,M004,Cetirizine,42,32,10,10
2026-06-21,PHC002,M004,Cetirizine,40,33,7,7
2026-06-22,PHC002,M004,Cetirizine,75,34,41,41
2026-06-23,PHC002,M004,Cetirizine,36,38,-2,2
2026-06-24,PHC002,M004,Cetirizine,45,37,8,8
2026-06-25,PHC002,M004,Cetirizine,42,38,4,4
2026-06-26,PHC002,M004,Cetirizine,44,39,5,5
2026-06-27,PHC002,M004,Cetirizine,38,40,-2,2
2026-06-28,PHC002,M004,Cetirizine,31,40,-9,9
2026-06-29,PHC002,M004,Cetirizine,35,39,-4,4
2026-06-30,PHC002,M004,Cetirizine,35,38,-3,3
2026-05-28,PHC002,M005,Ibuprofen,48,46,2,2
2026-05-29,PHC002,M005,Ibuprofen,56,46,10,10
2026-05-30,PHC002,M005,Ibuprofen,38,47,-9,9
2026-05-31,PHC002,M005,Ibuprofen,44,46,-2,2
2026-06-01,PHC002,M005,Ibuprofen,55,46,9,9
2026-06-02,PHC002,M005,Ibuprofen,40,47,-7,7
2026-06-03,PHC002,M005,Ibuprofen,46,47,-1,1
2026-06-04,PHC002,M005,Ibuprofen,44,47,-3,3
2026-06-05,PHC002,M005,Ibuprofen,50,46,4,4
2026-06-06,PHC002,M005,Ibuprofen,38,46,-8,8
2026-06-07,PHC002,M005,Ibuprofen,43,45,-2,2
2026-06-08,PHC002,M005,Ibuprofen,35,44,-9,9
2026-06-09,PHC002,M005,Ibuprofen,45,43,2,2
2026-06-10,PHC002,M005,Ibuprofen,38,44,-6,6
2026-06-11,PHC002,M005,Ibuprofen,48,43,5,5
2026-06-12,PHC002,M005,Ibuprofen,42,43,-1,1
2026-06-13,PHC002,M005,Ibuprofen,58,43,15,15
2026-06-14,PHC002,M005,Ibuprofen,53,44,9,9
2026-06-15,PHC002,M005,Ibuprofen,40,45,-5,5
2026-06-16,PHC002,M005,Ibuprofen,43,44,-1,1
2026-06-17,PHC002,M005,Ibuprofen,48,44,4,4
2026-06-18,PHC002,M005,Ibuprofen,47,45,2,2
2026-06-19,PHC002,M005,Ibuprofen,48,44,4,4
2026-06-20,PHC002,M005,Ibuprofen,56,45,11,11
2026-06-21,PHC002,M005,Ibuprofen,42,46,-4,4
2026-06-22,PHC002,M005,Ibuprofen,41,45,-4,4
2026-06-23,PHC002,M005,Ibuprofen,38,45,-7,7
2026-06-24,PHC002,M005,Ibuprofen,53,45,8,8
2026-06-25,PHC002,M005,Ibuprofen,54,46,8,8
2026-06-26,PHC002,M005,Ibuprofen,38,47,-9,9
2026-06-27,PHC002,M005,Ibuprofen,50,45,5,5
2026-06-28,PHC002,M005,Ibuprofen,48,45,3,3
2026-06-29,PHC002,M005,Ibuprofen,58,45,13,13
2026-06-30,PHC002,M005,Ibuprofen,59,47,12,12
2026-05-28,PHC002,M006,Azithromycin,10,17,-7,7
2026-05-29,PHC002,M006,Azithromycin,20,16,4,4
2026-05-30,PHC002,M006,Azithromycin,18,17,1,1
2026-05-31,PHC002,M006,Azithromycin,13,17,-4,4
2026-06-01,PHC002,M006,Azithromycin,16,17,-1,1
2026-06-02,PHC002,M006,Azithromycin,21,17,4,4
2026-06-03,PHC002,M006,Azithromycin,19,17,2,2
2026-06-04,PHC002,M006,Azithromycin,17,17,0,0
2026-06-05,PHC002,M006,Azithromycin,14,17,-3,3
2026-06-06,PHC002,M006,Azithromycin,18,17,1,1
2026-06-07,PHC002,M006,Azithromycin,12,17,-5,5
2026-06-08,PHC002,M006,Azithromycin,13,16,-3,3
2026-06-09,PHC002,M006,Azithromycin,24,16,8,8
2026-06-10,PHC002,M006,Azithromycin,15,17,-2,2
2026-06-11,PHC002,M006,Azithromycin,15,17,-2,2
2026-06-12,PHC002,M006,Azithromycin,15,17,-2,2
2026-06-13,PHC002,M006,Azithromycin,30,17,13,13
2026-06-14,PHC002,M006,Azithromycin,18,18,0,0
2026-06-15,PHC002,M006,Azithromycin,22,18,4,4
2026-06-16,PHC002,M006,Azithromycin,17,18,-1,1
2026-06-17,PHC002,M006,Azithromycin,24,18,6,6
2026-06-18,PHC002,M006,Azithromycin,22,19,3,3
2026-06-19,PHC002,M006,Azithromycin,25,19,6,6
2026-06-20,PHC002,M006,Azithromycin,15,20,-5,5
2026-06-21,PHC002,M006,Azithromycin,18,20,-2,2
2026-06-22,PHC002,M006,Azithromycin,21,20,1,1
2026-06-23,PHC002,M006,Azithromycin,17,20,-3,3
2026-06-24,PHC002,M006,Azithromycin,14,20,-6,6
2026-06-25,PHC002,M006,Azithromycin,19,19,0,0
2026-06-26,PHC002,M006,Azithromycin,25,19,6,6
2026-06-27,PHC002,M006,Azithromycin,22,20,2,2
2026-06-28,PHC002,M006,Azithromycin,24,20,4,4
2026-06-29,PHC002,M006,Azithromycin,16,20,-4,4
2026-06-30,PHC002,M006,Azithromycin,11,20,-9,9
2026-05-28,PHC002,M007,Iron Tablets,35,32,3,3
2026-05-29,PHC002,M007,Iron Tablets,31,32,-1,1
2026-05-30,PHC002,M007,Iron Tablets,37,32,5,5
2026-05-31,PHC002,M007,Iron Tablets,33,32,1,1
2026-06-01,PHC002,M007,Iron Tablets,38,32,6,6
2026-06-02,PHC002,M007,Iron Tablets,42,33,9,9
2026-06-03,PHC002,M007,Iron Tablets,27,34,-7,7
2026-06-04,PHC002,M007,Iron Tablets,37,33,4,4
2026-06-05,PHC002,M007,Iron Tablets,37,34,3,3
2026-06-06,PHC002,M007,Iron Tablets,41,34,7,7
2026-06-07,PHC002,M007,Iron Tablets,34,34,0,0
2026-06-08,PHC002,M007,Iron Tablets,39,34,5,5
2026-06-09,PHC002,M007,Iron Tablets,37,35,2,2
2026-06-10,PHC002,M007,Iron Tablets,32,36,-4,4
2026-06-11,PHC002,M007,Iron Tablets,38,36,2,2
2026-06-12,PHC002,M007,Iron Tablets,21,36,-15,15
2026-06-13,PHC002,M007,Iron Tablets,30,34,-4,4
2026-06-14,PHC002,M007,Iron Tablets,47,34,13,13
2026-06-15,PHC002,M007,Iron Tablets,49,35,14,14
2026-06-16,PHC002,M007,Iron Tablets,32,36,-4,4
2026-06-17,PHC002,M007,Iron Tablets,37,36,1,1
2026-06-18,PHC002,M007,Iron Tablets,20,36,-16,16
2026-06-19,PHC002,M007,Iron Tablets,35,34,1,1
2026-06-20,PHC002,M007,Iron Tablets,34,35,-1,1
2026-06-21,PHC002,M007,Iron Tablets,33,34,-1,1
2026-06-22,PHC002,M007,Iron Tablets,36,34,2,2
2026-06-23,PHC002,M007,Iron Tablets,37,33,4,4
2026-06-24,PHC002,M007,Iron Tablets,36,34,2,2
2026-06-25,PHC002,M007,Iron Tablets,31,34,-3,3
2026-06-26,PHC002,M007,Iron Tablets,39,34,5,5
2026-06-27,PHC002,M007,Iron Tablets,34,35,-1,1
2026-06-28,PHC002,M007,Iron Tablets,39,35,4,4
2026-06-29,PHC002,M007,Iron Tablets,52,34,18,18
2026-06-30,PHC002,M007,Iron Tablets,38,36,2,2
2026-05-28,PHC002,M008,Antacid,37,33,4,4
2026-05-29,PHC002,M008,Antacid,34,33,1,1
2026-05-30,PHC002,M008,Antacid,31,33,-2,2
2026-05-31,PHC002,M008,Antacid,28,32,-4,4
2026-06-01,PHC002,M008,Antacid,32,32,0,0
2026-06-02,PHC002,M008,Antacid,34,32,2,2
2026-06-03,PHC002,M008,Antacid,30,32,-2,2
2026-06-04,PHC002,M008,Antacid,73,32,41,41
2026-06-05,PHC002,M008,Antacid,34,36,-2,2
2026-06-06,PHC002,M008,Antacid,32,35,-3,3
2026-06-07,PHC002,M008,Antacid,37,35,2,2
2026-06-08,PHC002,M008,Antacid,22,36,-14,14
2026-06-09,PHC002,M008,Antacid,30,35,-5,5
2026-06-10,PHC002,M008,Antacid,34,35,-1,1
2026-06-11,PHC002,M008,Antacid,44,35,9,9
2026-06-12,PHC002,M008,Antacid,39,35,4,4
2026-06-13,PHC002,M008,Antacid,26,35,-9,9
2026-06-14,PHC002,M008,Antacid,40,35,5,5
2026-06-15,PHC002,M008,Antacid,32,36,-4,4
2026-06-16,PHC002,M008,Antacid,26,36,-10,10
2026-06-17,PHC002,M008,Antacid,37,35,2,2
2026-06-18,PHC002,M008,Antacid,34,34,0,0
2026-06-19,PHC002,M008,Antacid,32,33,-1,1
2026-06-20,PHC002,M008,Antacid,38,33,5,5
2026-06-21,PHC002,M008,Antacid,32,33,-1,1
2026-06-22,PHC002,M008,Antacid,26,33,-7,7
2026-06-23,PHC002,M008,Antacid,42,33,9,9
2026-06-24,PHC002,M008,Antacid,38,34,4,4
2026-06-25,PHC002,M008,Antacid,30,34,-4,4
2026-06-26,PHC002,M008,Antacid,28,33,-5,5
2026-06-27,PHC002,M008,Antacid,37,33,4,4
2026-06-28,PHC002,M008,Antacid,31,33,-2,2
2026-06-29,PHC002,M008,Antacid,42,32,10,10
2026-06-30,PHC002,M008,Antacid,30,34,-4,4
2026-05-28,PHC003,M001,Paracetamol,41,43,-2,2
2026-05-29,PHC003,M001,Paracetamol,38,42,-4,4
2026-05-30,PHC003,M001,Paracetamol,49,41,8,8
2026-05-31,PHC003,M001,Paracetamol,44,41,3,3
2026-06-01,PHC003,M001,Paracetamol,48,41,7,7
2026-06-02,PHC003,M001,Paracetamol,52,42,10,10
2026-06-03,PHC003,M001,Paracetamol,39,42,-3,3
2026-06-04,PHC003,M001,Paracetamol,54,42,12,12
2026-06-05,PHC003,M001,Paracetamol,42,43,-1,1
2026-06-06,PHC003,M001,Paracetamol,36,43,-7,7
2026-06-07,PHC003,M001,Paracetamol,35,42,-7,7
2026-06-08,PHC003,M001,Paracetamol,44,42,2,2
2026-06-09,PHC003,M001,Paracetamol,49,42,7,7
2026-06-10,PHC003,M001,Paracetamol,43,43,0,0
2026-06-11,PHC003,M001,Paracetamol,48,43,5,5
2026-06-12,PHC003,M001,Paracetamol,53,43,10,10
2026-06-13,PHC003,M001,Paracetamol,42,44,-2,2
2026-06-14,PHC003,M001,Paracetamol,41,44,-3,3
2026-06-15,PHC003,M001,Paracetamol,43,43,0,0
2026-06-16,PHC003,M001,Paracetamol,47,43,4,4
2026-06-17,PHC003,M001,Paracetamol,45,43,2,2
2026-06-18,PHC003,M001,Paracetamol,46,43,3,3
2026-06-19,PHC003,M001,Paracetamol,47,43,4,4
2026-06-20,PHC003,M001,Paracetamol,46,43,3,3
2026-06-21,PHC003,M001,Paracetamol,43,44,-1,1
2026-06-22,PHC003,M001,Paracetamol,44,44,0,0
2026-06-23,PHC003,M001,Paracetamol,46,44,2,2
2026-06-24,PHC003,M001,Paracetamol,50,44,6,6
2026-06-25,PHC003,M001,Paracetamol,48,44,4,4
2026-06-26,PHC003,M001,Paracetamol,53,44,9,9
2026-06-27,PHC003,M001,Paracetamol,45,45,0,0
2026-06-28,PHC003,M001,Paracetamol,57,45,12,12
2026-06-29,PHC003,M001,Paracetamol,61,46,15,15
2026-06-30,PHC003,M001,Paracetamol,48,48,0,0
2026-05-28,PHC003,M002,ORS,21,27,-6,6
2026-05-29,PHC003,M002,ORS,25,27,-2,2
2026-05-30,PHC003,M002,ORS,29,26,3,3
2026-05-31,PHC003,M002,ORS,29,27,2,2
2026-06-01,PHC003,M002,ORS,27,27,0,0
2026-06-02,PHC003,M002,ORS,21,27,-6,6
2026-06-03,PHC003,M002,ORS,31,26,5,5
2026-06-04,PHC003,M002,ORS,28,27,1,1
2026-06-05,PHC003,M002,ORS,23,26,-3,3
2026-06-06,PHC003,M002,ORS,20,26,-6,6
2026-06-07,PHC003,M002,ORS,29,25,4,4
2026-06-08,PHC003,M002,ORS,21,25,-4,4
2026-06-09,PHC003,M002,ORS,29,25,4,4
2026-06-10,PHC003,M002,ORS,25,25,0,0
2026-06-11,PHC003,M002,ORS,29,25,4,4
2026-06-12,PHC003,M002,ORS,26,26,0,0
2026-06-13,PHC003,M002,ORS,26,26,0,0
2026-06-14,PHC003,M002,ORS,31,25,6,6
2026-06-15,PHC003,M002,ORS,34,26,8,8
2026-06-16,PHC003,M002,ORS,23,27,-4,4
2026-06-17,PHC003,M002,ORS,25,26,-1,1
2026-06-18,PHC003,M002,ORS,22,26,-4,4
2026-06-19,PHC003,M002,ORS,22,25,-3,3
2026-06-20,PHC003,M002,ORS,26,25,1,1
2026-06-21,PHC003,M002,ORS,32,25,7,7
2026-06-22,PHC003,M002,ORS,28,26,2,2
2026-06-23,PHC003,M002,ORS,20,26,-6,6
2026-06-24,PHC003,M002,ORS,28,25,3,3
2026-06-25,PHC003,M002,ORS,27,26,1,1
2026-06-26,PHC003,M002,ORS,34,26,8,8
2026-06-27,PHC003,M002,ORS,25,27,-2,2
2026-06-28,PHC003,M002,ORS,29,26,3,3
2026-06-29,PHC003,M002,ORS,39,26,13,13
2026-06-30,PHC003,M002,ORS,21,27,-6,6
2026-05-28,PHC003,M003,Amoxicillin,12,20,-8,8
2026-05-29,PHC003,M003,Amoxicillin,19,19,0,0
2026-05-30,PHC003,M003,Amoxicillin,12,19,-7,7
2026-05-31,PHC003,M003,Amoxicillin,20,18,2,2
2026-06-01,PHC003,M003,Amoxicillin,15,18,-3,3
2026-06-02,PHC003,M003,Amoxicillin,13,17,-4,4
2026-06-03,PHC003,M003,Amoxicillin,20,17,3,3
2026-06-04,PHC003,M003,Amoxicillin,16,17,-1,1
2026-06-05,PHC003,M003,Amoxicillin,18,17,1,1
2026-06-06,PHC003,M003,Amoxicillin,19,17,2,2
2026-06-07,PHC003,M003,Amoxicillin,20,17,3,3
2026-06-08,PHC003,M003,Amoxicillin,15,17,-2,2
2026-06-09,PHC003,M003,Amoxicillin,26,17,9,9
2026-06-10,PHC003,M003,Amoxicillin,26,18,8,8
2026-06-11,PHC003,M003,Amoxicillin,18,19,-1,1
2026-06-12,PHC003,M003,Amoxicillin,16,19,-3,3
2026-06-13,PHC003,M003,Amoxicillin,16,19,-3,3
2026-06-14,PHC003,M003,Amoxicillin,19,18,1,1
2026-06-15,PHC003,M003,Amoxicillin,29,18,11,11
2026-06-16,PHC003,M003,Amoxicillin,42,20,22,22
2026-06-17,PHC003,M003,Amoxicillin,15,22,-7,7
2026-06-18,PHC003,M003,Amoxicillin,19,21,-2,2
2026-06-19,PHC003,M003,Amoxicillin,21,21,0,0
2026-06-20,PHC003,M003,Amoxicillin,12,21,-9,9
2026-06-21,PHC003,M003,Amoxicillin,19,21,-2,2
2026-06-22,PHC003,M003,Amoxicillin,21,21,0,0
2026-06-23,PHC003,M003,Amoxicillin,22,20,2,2
2026-06-24,PHC003,M003,Amoxicillin,22,20,2,2
2026-06-25,PHC003,M003,Amoxicillin,16,20,-4,4
2026-06-26,PHC003,M003,Amoxicillin,14,20,-6,6
2026-06-27,PHC003,M003,Amoxicillin,21,20,1,1
2026-06-28,PHC003,M003,Amoxicillin,16,20,-4,4
2026-06-29,PHC003,M003,Amoxicillin,17,19,-2,2
2026-06-30,PHC003,M003,Amoxicillin,20,18,2,2
2026-05-28,PHC003,M004,Cetirizine,52,18,34,34
2026-05-29,PHC003,M004,Cetirizine,15,21,-6,6
2026-05-30,PHC003,M004,Cetirizine,13,20,-7,7
2026-05-31,PHC003,M004,Cetirizine,19,20,-1,1
2026-06-01,PHC003,M004,Cetirizine,11,21,-10,10
2026-06-02,PHC003,M004,Cetirizine,14,20,-6,6
2026-06-03,PHC003,M004,Cetirizine,14,20,-6,6
2026-06-04,PHC003,M004,Cetirizine,17,18,-1,1
2026-06-05,PHC003,M004,Cetirizine,7,18,-11,11
2026-06-06,PHC003,M004,Cetirizine,20,17,3,3
2026-06-07,PHC003,M004,Cetirizine,11,17,-6,6
2026-06-08,PHC003,M004,Cetirizine,8,17,-9,9
2026-06-09,PHC003,M004,Cetirizine,16,16,0,0
2026-06-10,PHC003,M004,Cetirizine,20,16,4,4
2026-06-11,PHC003,M004,Cetirizine,13,15,-2,2
2026-06-12,PHC003,M004,Cetirizine,11,14,-3,3
2026-06-13,PHC003,M004,Cetirizine,16,14,2,2
2026-06-14,PHC003,M004,Cetirizine,15,14,1,1
2026-06-15,PHC003,M004,Cetirizine,17,14,3,3
2026-06-16,PHC003,M004,Cetirizine,10,14,-4,4
2026-06-17,PHC003,M004,Cetirizine,22,14,8,8
2026-06-18,PHC003,M004,Cetirizine,23,14,9,9
2026-06-19,PHC003,M004,Cetirizine,22,15,7,7
2026-06-20,PHC003,M004,Cetirizine,18,16,2,2
2026-06-21,PHC003,M004,Cetirizine,14,16,-2,2
2026-06-22,PHC003,M004,Cetirizine,16,16,0,0
2026-06-23,PHC003,M004,Cetirizine,15,16,-1,1
2026-06-24,PHC003,M004,Cetirizine,9,16,-7,7
2026-06-25,PHC003,M004,Cetirizine,14,15,-1,1
2026-06-26,PHC003,M004,Cetirizine,26,15,11,11
2026-06-27,PHC003,M004,Cetirizine,17,16,1,1
2026-06-28,PHC003,M004,Cetirizine,22,16,6,6
2026-06-29,PHC003,M004,Cetirizine,27,17,10,10
2026-06-30,PHC003,M004,Cetirizine,16,18,-2,2
2026-05-28,PHC003,M005,Ibuprofen,21,26,-5,5
2026-05-29,PHC003,M005,Ibuprofen,25,26,-1,1
2026-05-30,PHC003,M005,Ibuprofen,26,26,0,0
2026-05-31,PHC003,M005,Ibuprofen,24,26,-2,2
2026-06-01,PHC003,M005,Ibuprofen,16,26,-10,10
2026-06-02,PHC003,M005,Ibuprofen,20,25,-5,5
2026-06-03,PHC003,M005,Ibuprofen,19,24,-5,5
2026-06-04,PHC003,M005,Ibuprofen,14,24,-10,10
2026-06-05,PHC003,M005,Ibuprofen,15,22,-7,7
2026-06-06,PHC003,M005,Ibuprofen,27,21,6,6
2026-06-07,PHC003,M005,Ibuprofen,23,22,1,1
2026-06-08,PHC003,M005,Ibuprofen,22,21,1,1
2026-06-09,PHC003,M005,Ibuprofen,19,21,-2,2
2026-06-10,PHC003,M005,Ibuprofen,23,20,3,3
2026-06-11,PHC003,M005,Ibuprofen,27,21,6,6
2026-06-12,PHC003,M005,Ibuprofen,53,21,32,32
2026-06-13,PHC003,M005,Ibuprofen,16,24,-8,8
2026-06-14,PHC003,M005,Ibuprofen,15,23,-8,8
2026-06-15,PHC003,M005,Ibuprofen,25,22,3,3
2026-06-16,PHC003,M005,Ibuprofen,23,23,0,0
2026-06-17,PHC003,M005,Ibuprofen,25,23,2,2
2026-06-18,PHC003,M005,Ibuprofen,67,24,43,43
2026-06-19,PHC003,M005,Ibuprofen,28,29,-1,1
2026-06-20,PHC003,M005,Ibuprofen,26,28,-2,2
2026-06-21,PHC003,M005,Ibuprofen,22,28,-6,6
2026-06-22,PHC003,M005,Ibuprofen,19,28,-9,9
2026-06-23,PHC003,M005,Ibuprofen,25,28,-3,3
2026-06-24,PHC003,M005,Ibuprofen,20,28,-8,8
2026-06-25,PHC003,M005,Ibuprofen,24,27,-3,3
2026-06-26,PHC003,M005,Ibuprofen,24,25,-1,1
2026-06-27,PHC003,M005,Ibuprofen,34,25,9,9
2026-06-28,PHC003,M005,Ibuprofen,35,26,9,9
2026-06-29,PHC003,M005,Ibuprofen,34,27,7,7
2026-06-30,PHC003,M005,Ibuprofen,22,28,-6,6
2026-05-28,PHC003,M006,Azithromycin,8,14,-6,6
2026-05-29,PHC003,M006,Azithromycin,13,14,-1,1
2026-05-30,PHC003,M006,Azithromycin,8,14,-6,6
2026-05-31,PHC003,M006,Azithromycin,13,12,1,1
2026-06-01,PHC003,M006,Azithromycin,11,12,-1,1
2026-06-02,PHC003,M006,Azithromycin,11,11,0,0
2026-06-03,PHC003,M006,Azithromycin,19,11,8,8
2026-06-04,PHC003,M006,Azithromycin,10,12,-2,2
2026-06-05,PHC003,M006,Azithromycin,18,12,6,6
2026-06-06,PHC003,M006,Azithromycin,13,12,1,1
2026-06-07,PHC003,M006,Azithromycin,10,12,-2,2
2026-06-08,PHC003,M006,Azithromycin,20,12,8,8
2026-06-09,PHC003,M006,Azithromycin,8,13,-5,5
2026-06-10,PHC003,M006,Azithromycin,13,13,0,0
2026-06-11,PHC003,M006,Azithromycin,9,13,-4,4
2026-06-12,PHC003,M006,Azithromycin,10,12,-2,2
2026-06-13,PHC003,M006,Azithromycin,12,12,0,0
2026-06-14,PHC003,M006,Azithromycin,11,12,-1,1
2026-06-15,PHC003,M006,Azithromycin,8,12,-4,4
2026-06-16,PHC003,M006,Azithromycin,5,12,-7,7
2026-06-17,PHC003,M006,Azithromycin,9,11,-2,2
2026-06-18,PHC003,M006,Azithromycin,10,11,-1,1
2026-06-19,PHC003,M006,Azithromycin,14,10,4,4
2026-06-20,PHC003,M006,Azithromycin,7,10,-3,3
2026-06-21,PHC003,M006,Azithromycin,14,10,4,4
2026-06-22,PHC003,M006,Azithromycin,15,10,5,5
2026-06-23,PHC003,M006,Azithromycin,14,10,4,4
2026-06-24,PHC003,M006,Azithromycin,14,11,3,3
2026-06-25,PHC003,M006,Azithromycin,13,11,2,2
2026-06-26,PHC003,M006,Azithromycin,11,11,0,0
2026-06-27,PHC003,M006,Azithromycin,10,11,-1,1
2026-06-28,PHC003,M006,Azithromycin,9,11,-2,2
2026-06-29,PHC003,M006,Azithromycin,12,11,1,1
2026-06-30,PHC003,M006,Azithromycin,15,11,4,4
2026-05-28,PHC003,M007,Iron Tablets,20,20,0,0
2026-05-29,PHC003,M007,Iron Tablets,17,19,-2,2
2026-05-30,PHC003,M007,Iron Tablets,17,19,-2,2
2026-05-31,PHC003,M007,Iron Tablets,19,19,0,0
2026-06-01,PHC003,M007,Iron Tablets,26,19,7,7
2026-06-02,PHC003,M007,Iron Tablets,16,20,-4,4
2026-06-03,PHC003,M007,Iron Tablets,13,19,-6,6
2026-06-04,PHC003,M007,Iron Tablets,18,19,-1,1
2026-06-05,PHC003,M007,Iron Tablets,13,19,-6,6
2026-06-06,PHC003,M007,Iron Tablets,14,18,-4,4
2026-06-07,PHC003,M007,Iron Tablets,21,18,3,3
2026-06-08,PHC003,M007,Iron Tablets,18,17,1,1
2026-06-09,PHC003,M007,Iron Tablets,12,17,-5,5
2026-06-10,PHC003,M007,Iron Tablets,22,17,5,5
2026-06-11,PHC003,M007,Iron Tablets,18,17,1,1
2026-06-12,PHC003,M007,Iron Tablets,15,17,-2,2
2026-06-13,PHC003,M007,Iron Tablets,19,17,2,2
2026-06-14,PHC003,M007,Iron Tablets,21,17,4,4
2026-06-15,PHC003,M007,Iron Tablets,18,17,1,1
2026-06-16,PHC003,M007,Iron Tablets,18,17,1,1
2026-06-17,PHC003,M007,Iron Tablets,19,17,2,2
2026-06-18,PHC003,M007,Iron Tablets,24,17,7,7
2026-06-19,PHC003,M007,Iron Tablets,21,18,3,3
2026-06-20,PHC003,M007,Iron Tablets,23,19,4,4
2026-06-21,PHC003,M007,Iron Tablets,19,19,0,0
2026-06-22,PHC003,M007,Iron Tablets,16,19,-3,3
2026-06-23,PHC003,M007,Iron Tablets,14,19,-5,5
2026-06-24,PHC003,M007,Iron Tablets,20,18,2,2
2026-06-25,PHC003,M007,Iron Tablets,17,18,-1,1
2026-06-26,PHC003,M007,Iron Tablets,23,18,5,5
2026-06-27,PHC003,M007,Iron Tablets,20,19,1,1
2026-06-28,PHC003,M007,Iron Tablets,24,19,5,5
2026-06-29,PHC003,M007,Iron Tablets,16,19,-3,3
2026-06-30,PHC003,M007,Iron Tablets,19,19,0,0
2026-05-28,PHC003,M008,Antacid,20,23,-3,3
2026-05-29,PHC003,M008,Antacid,17,23,-6,6
2026-05-30,PHC003,M008,Antacid,14,20,-6,6
2026-05-31,PHC003,M008,Antacid,16,19,-3,3
2026-06-01,PHC003,M008,Antacid,24,19,5,5
2026-06-02,PHC003,M008,Antacid,17,19,-2,2
2026-06-03,PHC003,M008,Antacid,13,19,-6,6
2026-06-04,PHC003,M008,Antacid,24,18,6,6
2026-06-05,PHC003,M008,Antacid,20,18,2,2
2026-06-06,PHC003,M008,Antacid,20,18,2,2
2026-06-07,PHC003,M008,Antacid,14,19,-5,5
2026-06-08,PHC003,M008,Antacid,20,18,2,2
2026-06-09,PHC003,M008,Antacid,16,18,-2,2
2026-06-10,PHC003,M008,Antacid,27,18,9,9
2026-06-11,PHC003,M008,Antacid,16,19,-3,3
2026-06-12,PHC003,M008,Antacid,17,18,-1,1
2026-06-13,PHC003,M008,Antacid,21,18,3,3
2026-06-14,PHC003,M008,Antacid,27,19,8,8
2026-06-15,PHC003,M008,Antacid,30,19,11,11
2026-06-16,PHC003,M008,Antacid,22,20,2,2
2026-06-17,PHC003,M008,Antacid,25,21,4,4
2026-06-18,PHC003,M008,Antacid,16,21,-5,5
2026-06-19,PHC003,M008,Antacid,20,21,-1,1
2026-06-20,PHC003,M008,Antacid,21,21,0,0
2026-06-21,PHC003,M008,Antacid,16,21,-5,5
2026-06-22,PHC003,M008,Antacid,22,20,2,2
2026-06-23,PHC003,M008,Antacid,18,21,-3,3
2026-06-24,PHC003,M008,Antacid,14,20,-6,6
2026-06-25,PHC003,M008,Antacid,15,19,-4,4
2026-06-26,PHC003,M008,Antacid,21,19,2,2
2026-06-27,PHC003,M008,Antacid,22,19,3,3
2026-06-28,PHC003,M008,Antacid,20,19,1,1
2026-06-29,PHC003,M008,Antacid,19,19,0,0
2026-06-30,PHC003,M008,Antacid,27,18,9,9
2026-05-28,PHC004,M001,Paracetamol,83,107,-24,24
2026-05-29,PHC004,M001,Paracetamol,106,103,3,3
2026-05-30,PHC004,M001,Paracetamol,117,102,15,15
2026-05-31,PHC004,M001,Paracetamol,107,104,3,3
2026-06-01,PHC004,M001,Paracetamol,110,104,6,6
2026-06-02,PHC004,M001,Paracetamol,98,105,-7,7
2026-06-03,PHC004,M001,Paracetamol,106,105,1,1
2026-06-04,PHC004,M001,Paracetamol,112,105,7,7
2026-06-05,PHC004,M001,Paracetamol,129,105,24,24
2026-06-06,PHC004,M001,Paracetamol,123,106,17,17
2026-06-07,PHC004,M001,Paracetamol,91,107,-16,16
2026-06-08,PHC004,M001,Paracetamol,107,105,2,2
2026-06-09,PHC004,M001,Paracetamol,115,106,9,9
2026-06-10,PHC004,M001,Paracetamol,103,107,-4,4
2026-06-11,PHC004,M001,Paracetamol,107,107,0,0
2026-06-12,PHC004,M001,Paracetamol,113,107,6,6
2026-06-13,PHC004,M001,Paracetamol,100,107,-7,7
2026-06-14,PHC004,M001,Paracetamol,137,106,31,31
2026-06-15,PHC004,M001,Paracetamol,114,109,5,5
2026-06-16,PHC004,M001,Paracetamol,118,109,9,9
2026-06-17,PHC004,M001,Paracetamol,105,110,-5,5
2026-06-18,PHC004,M001,Paracetamol,99,110,-11,11
2026-06-19,PHC004,M001,Paracetamol,114,108,6,6
2026-06-20,PHC004,M001,Paracetamol,117,108,9,9
2026-06-21,PHC004,M001,Paracetamol,119,109,10,10
2026-06-22,PHC004,M001,Paracetamol,121,109,12,12
2026-06-23,PHC004,M001,Paracetamol,115,110,5,5
2026-06-24,PHC004,M001,Paracetamol,122,111,11,11
2026-06-25,PHC004,M001,Paracetamol,117,112,5,5
2026-06-26,PHC004,M001,Paracetamol,131,113,18,18
2026-06-27,PHC004,M001,Paracetamol,118,115,3,3
2026-06-28,PHC004,M001,Paracetamol,108,114,-6,6
2026-06-29,PHC004,M001,Paracetamol,111,113,-2,2
2026-06-30,PHC004,M001,Paracetamol,128,112,16,16
2026-05-28,PHC004,M002,ORS,63,74,-11,11
2026-05-29,PHC004,M002,ORS,56,72,-16,16
2026-05-30,PHC004,M002,ORS,75,70,5,5
2026-05-31,PHC004,M002,ORS,66,70,-4,4
2026-06-01,PHC004,M002,ORS,63,70,-7,7
2026-06-02,PHC004,M002,ORS,59,69,-10,10
2026-06-03,PHC004,M002,ORS,58,67,-9,9
2026-06-04,PHC004,M002,ORS,84,66,18,18
2026-06-05,PHC004,M002,ORS,73,68,5,5
2026-06-06,PHC004,M002,ORS,65,68,-3,3
2026-06-07,PHC004,M002,ORS,79,67,12,12
2026-06-08,PHC004,M002,ORS,83,68,15,15
2026-06-09,PHC004,M002,ORS,75,69,6,6
2026-06-10,PHC004,M002,ORS,74,69,5,5
2026-06-11,PHC004,M002,ORS,71,70,1,1
2026-06-12,PHC004,M002,ORS,60,70,-10,10
2026-06-13,PHC004,M002,ORS,60,69,-9,9
2026-06-14,PHC004,M002,ORS,76,68,8,8
2026-06-15,PHC004,M002,ORS,75,69,6,6
2026-06-16,PHC004,M002,ORS,74,70,4,4
2026-06-17,PHC004,M002,ORS,72,71,1,1
2026-06-18,PHC004,M002,ORS,73,70,3,3
2026-06-19,PHC004,M002,ORS,84,70,14,14
2026-06-20,PHC004,M002,ORS,77,72,5,5
2026-06-21,PHC004,M002,ORS,67,73,-6,6
2026-06-22,PHC004,M002,ORS,70,71,-1,1
2026-06-23,PHC004,M002,ORS,70,71,-1,1
2026-06-24,PHC004,M002,ORS,77,70,7,7
2026-06-25,PHC004,M002,ORS,65,71,-6,6
2026-06-26,PHC004,M002,ORS,65,70,-5,5
2026-06-27,PHC004,M002,ORS,87,70,17,17
2026-06-28,PHC004,M002,ORS,81,72,9,9
2026-06-29,PHC004,M002,ORS,91,72,19,19
2026-06-30,PHC004,M002,ORS,74,74,0,0
2026-05-28,PHC004,M003,Amoxicillin,35,32,3,3
2026-05-29,PHC004,M003,Amoxicillin,36,31,5,5
2026-05-30,PHC004,M003,Amoxicillin,19,32,-13,13
2026-05-31,PHC004,M003,Amoxicillin,38,30,8,8
2026-06-01,PHC004,M003,Amoxicillin,37,31,6,6
2026-06-02,PHC004,M003,Amoxicillin,29,32,-3,3
2026-06-03,PHC004,M003,Amoxicillin,30,31,-1,1
2026-06-04,PHC004,M003,Amoxicillin,33,32,1,1
2026-06-05,PHC004,M003,Amoxicillin,37,32,5,5
2026-06-06,PHC004,M003,Amoxicillin,24,33,-9,9
2026-06-07,PHC004,M003,Amoxicillin,29,32,-3,3
2026-06-08,PHC004,M003,Amoxicillin,28,31,-3,3
2026-06-09,PHC004,M003,Amoxicillin,25,31,-6,6
2026-06-10,PHC004,M003,Amoxicillin,45,30,15,15
2026-06-11,PHC004,M003,Amoxicillin,36,32,4,4
2026-06-12,PHC004,M003,Amoxicillin,40,32,8,8
2026-06-13,PHC004,M003,Amoxicillin,39,33,6,6
2026-06-14,PHC004,M003,Amoxicillin,37,34,3,3
2026-06-15,PHC004,M003,Amoxicillin,35,34,1,1
2026-06-16,PHC004,M003,Amoxicillin,31,34,-3,3
2026-06-17,PHC004,M003,Amoxicillin,43,34,9,9
2026-06-18,PHC004,M003,Amoxicillin,42,35,7,7
2026-06-19,PHC004,M003,Amoxicillin,38,36,2,2
2026-06-20,PHC004,M003,Amoxicillin,43,36,7,7
2026-06-21,PHC004,M003,Amoxicillin,32,37,-5,5
2026-06-22,PHC004,M003,Amoxicillin,44,37,7,7
2026-06-23,PHC004,M003,Amoxicillin,32,38,-6,6
2026-06-24,PHC004,M003,Amoxicillin,45,38,7,7
2026-06-25,PHC004,M003,Amoxicillin,32,38,-6,6
2026-06-26,PHC004,M003,Amoxicillin,44,37,7,7
2026-06-27,PHC004,M003,Amoxicillin,33,38,-5,5
2026-06-28,PHC004,M003,Amoxicillin,40,37,3,3
2026-06-29,PHC004,M003,Amoxicillin,46,38,8,8
2026-06-30,PHC004,M003,Amoxicillin,31,39,-8,8
2026-05-28,PHC004,M004,Cetirizine,33,33,0,0
2026-05-29,PHC004,M004,Cetirizine,33,33,0,0
2026-05-30,PHC004,M004,Cetirizine,29,33,-4,4
2026-05-31,PHC004,M004,Cetirizine,44,32,12,12
2026-06-01,PHC004,M004,Cetirizine,28,34,-6,6
2026-06-02,PHC004,M004,Cetirizine,34,33,1,1
2026-06-03,PHC004,M004,Cetirizine,29,33,-4,4
2026-06-04,PHC004,M004,Cetirizine,26,33,-7,7
2026-06-05,PHC004,M004,Cetirizine,33,32,1,1
2026-06-06,PHC004,M004,Cetirizine,30,33,-3,3
2026-06-07,PHC004,M004,Cetirizine,19,32,-13,13
2026-06-08,PHC004,M004,Cetirizine,27,30,-3,3
2026-06-09,PHC004,M004,Cetirizine,23,30,-7,7
2026-06-10,PHC004,M004,Cetirizine,28,29,-1,1
2026-06-11,PHC004,M004,Cetirizine,26,29,-3,3
2026-06-12,PHC004,M004,Cetirizine,27,29,-2,2
2026-06-13,PHC004,M004,Cetirizine,34,28,6,6
2026-06-14,PHC004,M004,Cetirizine,23,28,-5,5
2026-06-15,PHC004,M004,Cetirizine,32,27,5,5
2026-06-16,PHC004,M004,Cetirizine,29,28,1,1
2026-06-17,PHC004,M004,Cetirizine,30,28,2,2
2026-06-18,PHC004,M004,Cetirizine,27,28,-1,1
2026-06-19,PHC004,M004,Cetirizine,30,28,2,2
2026-06-20,PHC004,M004,Cetirizine,93,28,65,65
2026-06-21,PHC004,M004,Cetirizine,34,35,-1,1
2026-06-22,PHC004,M004,Cetirizine,42,34,8,8
2026-06-23,PHC004,M004,Cetirizine,39,36,3,3
2026-06-24,PHC004,M004,Cetirizine,40,37,3,3
2026-06-25,PHC004,M004,Cetirizine,39,38,1,1
2026-06-26,PHC004,M004,Cetirizine,31,39,-8,8
2026-06-27,PHC004,M004,Cetirizine,24,38,-14,14
2026-06-28,PHC004,M004,Cetirizine,29,36,-7,7
2026-06-29,PHC004,M004,Cetirizine,35,36,-1,1
2026-06-30,PHC004,M004,Cetirizine,41,36,5,5
2026-05-28,PHC004,M005,Ibuprofen,36,47,-11,11
2026-05-29,PHC004,M005,Ibuprofen,45,46,-1,1
2026-05-30,PHC004,M005,Ibuprofen,37,46,-9,9
2026-05-31,PHC004,M005,Ibuprofen,44,45,-1,1
2026-06-01,PHC004,M005,Ibuprofen,55,45,10,10
2026-06-02,PHC004,M005,Ibuprofen,39,45,-6,6
2026-06-03,PHC004,M005,Ibuprofen,42,44,-2,2
2026-06-04,PHC004,M005,Ibuprofen,44,44,0,0
2026-06-05,PHC004,M005,Ibuprofen,52,44,8,8
2026-06-06,PHC004,M005,Ibuprofen,46,45,1,1
2026-06-07,PHC004,M005,Ibuprofen,44,45,-1,1
2026-06-08,PHC004,M005,Ibuprofen,48,44,4,4
2026-06-09,PHC004,M005,Ibuprofen,41,45,-4,4
2026-06-10,PHC004,M005,Ibuprofen,53,44,9,9
2026-06-11,PHC004,M005,Ibuprofen,35,45,-10,10
2026-06-12,PHC004,M005,Ibuprofen,48,44,4,4
2026-06-13,PHC004,M005,Ibuprofen,42,45,-3,3
2026-06-14,PHC004,M005,Ibuprofen,41,45,-4,4
2026-06-15,PHC004,M005,Ibuprofen,53,44,9,9
2026-06-16,PHC004,M005,Ibuprofen,49,45,4,4
2026-06-17,PHC004,M005,Ibuprofen,49,45,4,4
2026-06-18,PHC004,M005,Ibuprofen,57,46,11,11
2026-06-19,PHC004,M005,Ibuprofen,42,47,-5,5
2026-06-20,PHC004,M005,Ibuprofen,54,46,8,8
2026-06-21,PHC004,M005,Ibuprofen,51,47,4,4
2026-06-22,PHC004,M005,Ibuprofen,56,47,9,9
2026-06-23,PHC004,M005,Ibuprofen,46,48,-2,2
2026-06-24,PHC004,M005,Ibuprofen,56,48,8,8
2026-06-25,PHC004,M005,Ibuprofen,46,49,-3,3
2026-06-26,PHC004,M005,Ibuprofen,46,49,-3,3
2026-06-27,PHC004,M005,Ibuprofen,73,49,24,24
2026-06-28,PHC004,M005,Ibuprofen,58,52,6,6
2026-06-29,PHC004,M005,Ibuprofen,67,52,15,15
2026-06-30,PHC004,M005,Ibuprofen,49,54,-5,5
2026-05-28,PHC004,M006,Azithromycin,19,25,-6,6
2026-05-29,PHC004,M006,Azithromycin,22,25,-3,3
2026-05-30,PHC004,M006,Azithromycin,28,25,3,3
2026-05-31,PHC004,M006,Azithromycin,27,25,2,2
2026-06-01,PHC004,M006,Azithromycin,60,25,35,35
2026-06-02,PHC004,M006,Azithromycin,27,29,-2,2
2026-06-03,PHC004,M006,Azithromycin,22,28,-6,6
2026-06-04,PHC004,M006,Azithromycin,25,28,-3,3
2026-06-05,PHC004,M006,Azithromycin,28,28,0,0
2026-06-06,PHC004,M006,Azithromycin,20,29,-9,9
2026-06-07,PHC004,M006,Azithromycin,22,28,-6,6
2026-06-08,PHC004,M006,Azithromycin,12,27,-15,15
2026-06-09,PHC004,M006,Azithromycin,23,25,-2,2
2026-06-10,PHC004,M006,Azithromycin,22,25,-3,3
2026-06-11,PHC004,M006,Azithromycin,20,25,-5,5
2026-06-12,PHC004,M006,Azithromycin,26,25,1,1
2026-06-13,PHC004,M006,Azithromycin,18,25,-7,7
2026-06-14,PHC004,M006,Azithromycin,19,24,-5,5
2026-06-15,PHC004,M006,Azithromycin,23,22,1,1
2026-06-16,PHC004,M006,Azithromycin,51,22,29,29
2026-06-17,PHC004,M006,Azithromycin,26,25,1,1
2026-06-18,PHC004,M006,Azithromycin,31,25,6,6
2026-06-19,PHC004,M006,Azithromycin,20,25,-5,5
2026-06-20,PHC004,M006,Azithromycin,48,25,23,23
2026-06-21,PHC004,M006,Azithromycin,19,28,-9,9
2026-06-22,PHC004,M006,Azithromycin,24,27,-3,3
2026-06-23,PHC004,M006,Azithromycin,23,27,-4,4
2026-06-24,PHC004,M006,Azithromycin,29,27,2,2
2026-06-25,PHC004,M006,Azithromycin,20,27,-7,7
2026-06-26,PHC004,M006,Azithromycin,27,27,0,0
2026-06-27,PHC004,M006,Azithromycin,19,27,-8,8
2026-06-28,PHC004,M006,Azithromycin,27,26,1,1
2026-06-29,PHC004,M006,Azithromycin,32,27,5,5
2026-06-30,PHC004,M006,Azithromycin,21,27,-6,6
2026-05-28,PHC004,M007,Iron Tablets,53,43,10,10
2026-05-29,PHC004,M007,Iron Tablets,35,43,-8,8
2026-05-30,PHC004,M007,Iron Tablets,53,42,11,11
2026-05-31,PHC004,M007,Iron Tablets,45,44,1,1
2026-06-01,PHC004,M007,Iron Tablets,34,43,-9,9
2026-06-02,PHC004,M007,Iron Tablets,49,42,7,7
2026-06-03,PHC004,M007,Iron Tablets,43,43,0,0
2026-06-04,PHC004,M007,Iron Tablets,46,43,3,3
2026-06-05,PHC004,M007,Iron Tablets,38,43,-5,5
2026-06-06,PHC004,M007,Iron Tablets,38,43,-5,5
2026-06-07,PHC004,M007,Iron Tablets,50,42,8,8
2026-06-08,PHC004,M007,Iron Tablets,52,43,9,9
2026-06-09,PHC004,M007,Iron Tablets,53,44,9,9
2026-06-10,PHC004,M007,Iron Tablets,44,45,-1,1
2026-06-11,PHC004,M007,Iron Tablets,45,45,0,0
2026-06-12,PHC004,M007,Iron Tablets,41,45,-4,4
2026-06-13,PHC004,M007,Iron Tablets,51,45,6,6
2026-06-14,PHC004,M007,Iron Tablets,50,45,5,5
2026-06-15,PHC004,M007,Iron Tablets,50,46,4,4
2026-06-16,PHC004,M007,Iron Tablets,49,46,3,3
2026-06-17,PHC004,M007,Iron Tablets,40,46,-6,6
2026-06-18,PHC004,M007,Iron Tablets,47,46,1,1
2026-06-19,PHC004,M007,Iron Tablets,48,46,2,2
2026-06-20,PHC004,M007,Iron Tablets,60,47,13,13
2026-06-21,PHC004,M007,Iron Tablets,46,48,-2,2
2026-06-22,PHC004,M007,Iron Tablets,42,47,-5,5
2026-06-23,PHC004,M007,Iron Tablets,53,46,7,7
2026-06-24,PHC004,M007,Iron Tablets,53,47,6,6
2026-06-25,PHC004,M007,Iron Tablets,26,48,-22,22
2026-06-26,PHC004,M007,Iron Tablets,47,46,1,1
2026-06-27,PHC004,M007,Iron Tablets,46,46,0,0
2026-06-28,PHC004,M007,Iron Tablets,45,46,-1,1
2026-06-29,PHC004,M007,Iron Tablets,56,45,11,11
2026-06-30,PHC004,M007,Iron Tablets,48,46,2,2
2026-05-28,PHC004,M008,Antacid,40,43,-3,3
2026-05-29,PHC004,M008,Antacid,37,43,-6,6
2026-05-30,PHC004,M008,Antacid,38,43,-5,5
2026-05-31,PHC004,M008,Antacid,45,42,3,3
2026-06-01,PHC004,M008,Antacid,40,43,-3,3
2026-06-02,PHC004,M008,Antacid,38,43,-5,5
2026-06-03,PHC004,M008,Antacid,38,42,-4,4
2026-06-04,PHC004,M008,Antacid,49,41,8,8
2026-06-05,PHC004,M008,Antacid,46,42,4,4
2026-06-06,PHC004,M008,Antacid,39,43,-4,4
2026-06-07,PHC004,M008,Antacid,34,42,-8,8
2026-06-08,PHC004,M008,Antacid,47,41,6,6
2026-06-09,PHC004,M008,Antacid,40,41,-1,1
2026-06-10,PHC004,M008,Antacid,43,41,2,2
2026-06-11,PHC004,M008,Antacid,35,41,-6,6
2026-06-12,PHC004,M008,Antacid,43,40,3,3
2026-06-13,PHC004,M008,Antacid,40,41,-1,1
2026-06-14,PHC004,M008,Antacid,35,41,-6,6
2026-06-15,PHC004,M008,Antacid,36,40,-4,4
2026-06-16,PHC004,M008,Antacid,42,40,2,2
2026-06-17,PHC004,M008,Antacid,51,40,11,11
2026-06-18,PHC004,M008,Antacid,48,41,7,7
2026-06-19,PHC004,M008,Antacid,40,41,-1,1
2026-06-20,PHC004,M008,Antacid,41,41,0,0
2026-06-21,PHC004,M008,Antacid,49,41,8,8
2026-06-22,PHC004,M008,Antacid,47,42,5,5
2026-06-23,PHC004,M008,Antacid,40,42,-2,2
2026-06-24,PHC004,M008,Antacid,48,42,6,6
2026-06-25,PHC004,M008,Antacid,53,43,10,10
2026-06-26,PHC004,M008,Antacid,43,44,-1,1
2026-06-27,PHC004,M008,Antacid,52,44,8,8
2026-06-28,PHC004,M008,Antacid,44,45,-1,1
2026-06-29,PHC004,M008,Antacid,41,45,-4,4
2026-06-30,PHC004,M008,Antacid,40,45,-5,5
2026-05-28,PHC005,M001,Paracetamol,46,51,-5,5
2026-05-29,PHC005,M001,Paracetamol,51,50,1,1
2026-05-30,PHC005,M001,Paracetamol,60,50,10,10
2026-05-31,PHC005,M001,Paracetamol,58,51,7,7
2026-06-01,PHC005,M001,Paracetamol,48,52,-4,4
2026-06-02,PHC005,M001,Paracetamol,39,51,-12,12
2026-06-03,PHC005,M001,Paracetamol,45,50,-5,5
2026-06-04,PHC005,M001,Paracetamol,45,50,-5,5
2026-06-05,PHC005,M001,Paracetamol,56,49,7,7
2026-06-06,PHC005,M001,Paracetamol,52,50,2,2
2026-06-07,PHC005,M001,Paracetamol,35,49,-14,14
2026-06-08,PHC005,M001,Paracetamol,50,47,3,3
2026-06-09,PHC005,M001,Paracetamol,39,47,-8,8
2026-06-10,PHC005,M001,Paracetamol,55,47,8,8
2026-06-11,PHC005,M001,Paracetamol,127,48,79,79
2026-06-12,PHC005,M001,Paracetamol,54,56,-2,2
2026-06-13,PHC005,M001,Paracetamol,52,54,-2,2
2026-06-14,PHC005,M001,Paracetamol,61,54,7,7
2026-06-15,PHC005,M001,Paracetamol,45,55,-10,10
2026-06-16,PHC005,M001,Paracetamol,55,55,0,0
2026-06-17,PHC005,M001,Paracetamol,52,56,-4,4
2026-06-18,PHC005,M001,Paracetamol,39,55,-16,16
2026-06-19,PHC005,M001,Paracetamol,54,53,1,1
2026-06-20,PHC005,M001,Paracetamol,46,53,-7,7
2026-06-21,PHC005,M001,Paracetamol,56,53,3,3
2026-06-22,PHC005,M001,Paracetamol,46,54,-8,8
2026-06-23,PHC005,M001,Paracetamol,66,53,13,13
2026-06-24,PHC005,M001,Paracetamol,67,55,12,12
2026-06-25,PHC005,M001,Paracetamol,46,54,-8,8
2026-06-26,PHC005,M001,Paracetamol,63,52,11,11
2026-06-27,PHC005,M001,Paracetamol,70,53,17,17
2026-06-28,PHC005,M001,Paracetamol,51,54,-3,3
2026-06-29,PHC005,M001,Paracetamol,58,54,4,4
2026-06-30,PHC005,M001,Paracetamol,45,54,-9,9
2026-05-28,PHC005,M002,ORS,40,45,-5,5
2026-05-29,PHC005,M002,ORS,45,44,1,1
2026-05-30,PHC005,M002,ORS,57,44,13,13
2026-05-31,PHC005,M002,ORS,45,45,0,0
2026-06-01,PHC005,M002,ORS,48,45,3,3
2026-06-02,PHC005,M002,ORS,52,45,7,7
2026-06-03,PHC005,M002,ORS,40,45,-5,5
2026-06-04,PHC005,M002,ORS,51,45,6,6
2026-06-05,PHC005,M002,ORS,42,45,-3,3
2026-06-06,PHC005,M002,ORS,45,45,0,0
2026-06-07,PHC005,M002,ORS,38,45,-7,7
2026-06-08,PHC005,M002,ORS,46,44,2,2
2026-06-09,PHC005,M002,ORS,40,44,-4,4
2026-06-10,PHC005,M002,ORS,40,44,-4,4
2026-06-11,PHC005,M002,ORS,37,44,-7,7
2026-06-12,PHC005,M002,ORS,51,43,8,8
2026-06-13,PHC005,M002,ORS,47,43,4,4
2026-06-14,PHC005,M002,ORS,56,43,13,13
2026-06-15,PHC005,M002,ORS,44,44,0,0
2026-06-16,PHC005,M002,ORS,27,44,-17,17
2026-06-17,PHC005,M002,ORS,48,42,6,6
2026-06-18,PHC005,M002,ORS,45,43,2,2
2026-06-19,PHC005,M002,ORS,56,43,13,13
2026-06-20,PHC005,M002,ORS,40,44,-4,4
2026-06-21,PHC005,M002,ORS,62,43,19,19
2026-06-22,PHC005,M002,ORS,47,45,2,2
2026-06-23,PHC005,M002,ORS,47,45,2,2
2026-06-24,PHC005,M002,ORS,53,46,7,7
2026-06-25,PHC005,M002,ORS,42,47,-5,5
2026-06-26,PHC005,M002,ORS,45,46,-1,1
2026-06-27,PHC005,M002,ORS,53,46,7,7
2026-06-28,PHC005,M002,ORS,43,46,-3,3
2026-06-29,PHC005,M002,ORS,52,45,7,7
2026-06-30,PHC005,M002,ORS,51,47,4,4
2026-05-28,PHC005,M003,Amoxicillin,32,32,0,0
2026-05-29,PHC005,M003,Amoxicillin,28,32,-4,4
2026-05-30,PHC005,M003,Amoxicillin,27,32,-5,5
2026-05-31,PHC005,M003,Amoxicillin,32,31,1,1
2026-06-01,PHC005,M003,Amoxicillin,16,31,-15,15
2026-06-02,PHC005,M003,Amoxicillin,27,30,-3,3
2026-06-03,PHC005,M003,Amoxicillin,31,29,2,2
2026-06-04,PHC005,M003,Amoxicillin,25,30,-5,5
2026-06-05,PHC005,M003,Amoxicillin,20,29,-9,9
2026-06-06,PHC005,M003,Amoxicillin,21,28,-7,7
2026-06-07,PHC005,M003,Amoxicillin,36,28,8,8
2026-06-08,PHC005,M003,Amoxicillin,29,28,1,1
2026-06-09,PHC005,M003,Amoxicillin,30,28,2,2
2026-06-10,PHC005,M003,Amoxicillin,33,27,6,6
2026-06-11,PHC005,M003,Amoxicillin,20,27,-7,7
2026-06-12,PHC005,M003,Amoxicillin,29,27,2,2
2026-06-13,PHC005,M003,Amoxicillin,32,27,5,5
2026-06-14,PHC005,M003,Amoxicillin,36,27,9,9
2026-06-15,PHC005,M003,Amoxicillin,30,28,2,2
2026-06-16,PHC005,M003,Amoxicillin,31,28,3,3
2026-06-17,PHC005,M003,Amoxicillin,30,29,1,1
2026-06-18,PHC005,M003,Amoxicillin,40,29,11,11
2026-06-19,PHC005,M003,Amoxicillin,28,31,-3,3
2026-06-20,PHC005,M003,Amoxicillin,25,31,-6,6
2026-06-21,PHC005,M003,Amoxicillin,27,30,-3,3
2026-06-22,PHC005,M003,Amoxicillin,33,29,4,4
2026-06-23,PHC005,M003,Amoxicillin,24,30,-6,6
2026-06-24,PHC005,M003,Amoxicillin,29,29,0,0
2026-06-25,PHC005,M003,Amoxicillin,34,29,5,5
2026-06-26,PHC005,M003,Amoxicillin,40,30,10,10
2026-06-27,PHC005,M003,Amoxicillin,27,31,-4,4
2026-06-28,PHC005,M003,Amoxicillin,34,30,4,4
2026-06-29,PHC005,M003,Amoxicillin,41,30,11,11
2026-06-30,PHC005,M003,Amoxicillin,45,31,14,14
2026-05-28,PHC005,M004,Cetirizine,17,29,-12,12
2026-05-29,PHC005,M004,Cetirizine,19,28,-9,9
2026-05-30,PHC005,M004,Cetirizine,28,27,1,1
2026-05-31,PHC005,M004,Cetirizine,35,27,8,8
2026-06-01,PHC005,M004,Cetirizine,28,28,0,0
2026-06-02,PHC005,M004,Cetirizine,39,27,12,12
2026-06-03,PHC005,M004,Cetirizine,37,29,8,8
2026-06-04,PHC005,M004,Cetirizine,22,30,-8,8
2026-06-05,PHC005,M004,Cetirizine,16,28,-12,12
2026-06-06,PHC005,M004,Cetirizine,27,27,0,0
2026-06-07,PHC005,M004,Cetirizine,18,27,-9,9
2026-06-08,PHC005,M004,Cetirizine,22,26,-4,4
2026-06-09,PHC005,M004,Cetirizine,31,25,6,6
2026-06-10,PHC005,M004,Cetirizine,29,25,4,4
2026-06-11,PHC005,M004,Cetirizine,30,26,4,4
2026-06-12,PHC005,M004,Cetirizine,24,27,-3,3
2026-06-13,PHC005,M004,Cetirizine,29,27,2,2
2026-06-14,PHC005,M004,Cetirizine,25,27,-2,2
2026-06-15,PHC005,M004,Cetirizine,24,27,-3,3
2026-06-16,PHC005,M004,Cetirizine,30,26,4,4
2026-06-17,PHC005,M004,Cetirizine,29,26,3,3
2026-06-18,PHC005,M004,Cetirizine,27,26,1,1
2026-06-19,PHC005,M004,Cetirizine,25,26,-1,1
2026-06-20,PHC005,M004,Cetirizine,33,26,7,7
2026-06-21,PHC005,M004,Cetirizine,38,27,11,11
2026-06-22,PHC005,M004,Cetirizine,26,28,-2,2
2026-06-23,PHC005,M004,Cetirizine,21,28,-7,7
2026-06-24,PHC005,M004,Cetirizine,37,27,10,10
2026-06-25,PHC005,M004,Cetirizine,25,28,-3,3
2026-06-26,PHC005,M004,Cetirizine,25,28,-3,3
2026-06-27,PHC005,M004,Cetirizine,28,28,0,0
2026-06-28,PHC005,M004,Cetirizine,32,28,4,4
2026-06-29,PHC005,M004,Cetirizine,33,28,5,5
2026-06-30,PHC005,M004,Cetirizine,34,28,6,6
2026-05-28,PHC005,M005,Ibuprofen,35,35,0,0
2026-05-29,PHC005,M005,Ibuprofen,34,35,-1,1
2026-05-30,PHC005,M005,Ibuprofen,35,35,0,0
2026-05-31,PHC005,M005,Ibuprofen,39,34,5,5
2026-06-01,PHC005,M005,Ibuprofen,33,35,-2,2
2026-06-02,PHC005,M005,Ibuprofen,45,35,10,10
2026-06-03,PHC005,M005,Ibuprofen,32,36,-4,4
2026-06-04,PHC005,M005,Ibuprofen,30,36,-6,6
2026-06-05,PHC005,M005,Ibuprofen,31,35,-4,4
2026-06-06,PHC005,M005,Ibuprofen,35,35,0,0
2026-06-07,PHC005,M005,Ibuprofen,50,34,16,16
2026-06-08,PHC005,M005,Ibuprofen,37,36,1,1
2026-06-09,PHC005,M005,Ibuprofen,42,36,6,6
2026-06-10,PHC005,M005,Ibuprofen,36,36,0,0
2026-06-11,PHC005,M005,Ibuprofen,34,36,-2,2
2026-06-12,PHC005,M005,Ibuprofen,31,36,-5,5
2026-06-13,PHC005,M005,Ibuprofen,45,36,9,9
2026-06-14,PHC005,M005,Ibuprofen,36,37,-1,1
2026-06-15,PHC005,M005,Ibuprofen,28,36,-8,8
2026-06-16,PHC005,M005,Ibuprofen,38,35,3,3
2026-06-17,PHC005,M005,Ibuprofen,36,35,1,1
2026-06-18,PHC005,M005,Ibuprofen,48,36,12,12
2026-06-19,PHC005,M005,Ibuprofen,43,37,6,6
2026-06-20,PHC005,M005,Ibuprofen,38,38,0,0
2026-06-21,PHC005,M005,Ibuprofen,45,37,8,8
2026-06-22,PHC005,M005,Ibuprofen,40,38,2,2
2026-06-23,PHC005,M005,Ibuprofen,36,38,-2,2
2026-06-24,PHC005,M005,Ibuprofen,28,38,-10,10
2026-06-25,PHC005,M005,Ibuprofen,44,37,7,7
2026-06-26,PHC005,M005,Ibuprofen,42,38,4,4
2026-06-27,PHC005,M005,Ibuprofen,51,38,13,13
2026-06-28,PHC005,M005,Ibuprofen,31,39,-8,8
2026-06-29,PHC005,M005,Ibuprofen,40,38,2,2
2026-06-30,PHC005,M005,Ibuprofen,36,39,-3,3
2026-05-28,PHC005,M006,Azithromycin,20,14,6,6
2026-05-29,PHC005,M006,Azithromycin,16,15,1,1
2026-05-30,PHC005,M006,Azithromycin,15,15,0,0
2026-05-31,PHC005,M006,Azithromycin,14,15,-1,1
2026-06-01,PHC005,M006,Azithromycin,9,15,-6,6
2026-06-02,PHC005,M006,Azithromycin,9,14,-5,5
2026-06-03,PHC005,M006,Azithromycin,11,14,-3,3
2026-06-04,PHC005,M006,Azithromycin,27,14,13,13
2026-06-05,PHC005,M006,Azithromycin,15,15,0,0
2026-06-06,PHC005,M006,Azithromycin,17,15,2,2
2026-06-07,PHC005,M006,Azithromycin,21,15,6,6
2026-06-08,PHC005,M006,Azithromycin,11,16,-5,5
2026-06-09,PHC005,M006,Azithromycin,13,16,-3,3
2026-06-10,PHC005,M006,Azithromycin,8,16,-8,8
2026-06-11,PHC005,M006,Azithromycin,15,15,0,0
2026-06-12,PHC005,M006,Azithromycin,15,14,1,1
2026-06-13,PHC005,M006,Azithromycin,22,14,8,8
2026-06-14,PHC005,M006,Azithromycin,13,15,-2,2
2026-06-15,PHC005,M006,Azithromycin,15,15,0,0
2026-06-16,PHC005,M006,Azithromycin,18,15,3,3
2026-06-17,PHC005,M006,Azithromycin,19,16,3,3
2026-06-18,PHC005,M006,Azithromycin,16,16,0,0
2026-06-19,PHC005,M006,Azithromycin,13,16,-3,3
2026-06-20,PHC005,M006,Azithromycin,13,15,-2,2
2026-06-21,PHC005,M006,Azithromycin,13,15,-2,2
2026-06-22,PHC005,M006,Azithromycin,19,15,4,4
2026-06-23,PHC005,M006,Azithromycin,19,15,4,4
2026-06-24,PHC005,M006,Azithromycin,19,16,3,3
2026-06-25,PHC005,M006,Azithromycin,15,16,-1,1
2026-06-26,PHC005,M006,Azithromycin,13,16,-3,3
2026-06-27,PHC005,M006,Azithromycin,15,16,-1,1
2026-06-28,PHC005,M006,Azithromycin,14,16,-2,2
2026-06-29,PHC005,M006,Azithromycin,16,15,1,1
2026-06-30,PHC005,M006,Azithromycin,10,15,-5,5
2026-05-28,PHC005,M007,Iron Tablets,22,24,-2,2
2026-05-29,PHC005,M007,Iron Tablets,18,24,-6,6
2026-05-30,PHC005,M007,Iron Tablets,35,23,12,12
2026-05-31,PHC005,M007,Iron Tablets,24,25,-1,1
2026-06-01,PHC005,M007,Iron Tablets,17,25,-8,8
2026-06-02,PHC005,M007,Iron Tablets,14,24,-10,10
2026-06-03,PHC005,M007,Iron Tablets,23,23,0,0
2026-06-04,PHC005,M007,Iron Tablets,19,23,-4,4
2026-06-05,PHC005,M007,Iron Tablets,18,22,-4,4
2026-06-06,PHC005,M007,Iron Tablets,19,22,-3,3
2026-06-07,PHC005,M007,Iron Tablets,22,21,1,1
2026-06-08,PHC005,M007,Iron Tablets,18,21,-3,3
2026-06-09,PHC005,M007,Iron Tablets,11,21,-10,10
2026-06-10,PHC005,M007,Iron Tablets,25,20,5,5
2026-06-11,PHC005,M007,Iron Tablets,22,20,2,2
2026-06-12,PHC005,M007,Iron Tablets,20,20,0,0
2026-06-13,PHC005,M007,Iron Tablets,14,20,-6,6
2026-06-14,PHC005,M007,Iron Tablets,16,19,-3,3
2026-06-15,PHC005,M007,Iron Tablets,24,18,6,6
2026-06-16,PHC005,M007,Iron Tablets,22,19,3,3
2026-06-17,PHC005,M007,Iron Tablets,17,19,-2,2
2026-06-18,PHC005,M007,Iron Tablets,19,19,0,0
2026-06-19,PHC005,M007,Iron Tablets,19,19,0,0
2026-06-20,PHC005,M007,Iron Tablets,26,19,7,7
2026-06-21,PHC005,M007,Iron Tablets,27,20,7,7
2026-06-22,PHC005,M007,Iron Tablets,26,20,6,6
2026-06-23,PHC005,M007,Iron Tablets,25,21,4,4
2026-06-24,PHC005,M007,Iron Tablets,19,21,-2,2
2026-06-25,PHC005,M007,Iron Tablets,31,21,10,10
2026-06-26,PHC005,M007,Iron Tablets,20,22,-2,2
2026-06-27,PHC005,M007,Iron Tablets,20,22,-2,2
2026-06-28,PHC005,M007,Iron Tablets,26,22,4,4
2026-06-29,PHC005,M007,Iron Tablets,31,23,8,8
2026-06-30,PHC005,M007,Iron Tablets,23,23,0,0
2026-05-28,PHC005,M008,Antacid,22,23,-1,1
2026-05-29,PHC005,M008,Antacid,119,23,96,96
2026-05-30,PHC005,M008,Antacid,26,33,-7,7
2026-05-31,PHC005,M008,Antacid,18,31,-13,13
2026-06-01,PHC005,M008,Antacid,19,31,-12,12
2026-06-02,PHC005,M008,Antacid,25,31,-6,6
2026-06-03,PHC005,M008,Antacid,30,31,-1,1
2026-06-04,PHC005,M008,Antacid,35,31,4,4
2026-06-05,PHC005,M008,Antacid,56,31,25,25
2026-06-06,PHC005,M008,Antacid,27,33,-6,6
2026-06-07,PHC005,M008,Antacid,30,33,-3,3
2026-06-08,PHC005,M008,Antacid,28,34,-6,6
2026-06-09,PHC005,M008,Antacid,31,34,-3,3
2026-06-10,PHC005,M008,Antacid,25,35,-10,10
2026-06-11,PHC005,M008,Antacid,28,34,-6,6
2026-06-12,PHC005,M008,Antacid,21,31,-10,10
2026-06-13,PHC005,M008,Antacid,22,28,-6,6
2026-06-14,PHC005,M008,Antacid,32,28,4,4
2026-06-15,PHC005,M008,Antacid,20,29,-9,9
2026-06-16,PHC005,M008,Antacid,29,28,1,1
2026-06-17,PHC005,M008,Antacid,25,28,-3,3
2026-06-18,PHC005,M008,Antacid,22,28,-6,6
2026-06-19,PHC005,M008,Antacid,29,26,3,3
2026-06-20,PHC005,M008,Antacid,25,26,-1,1
2026-06-21,PHC005,M008,Antacid,25,26,-1,1
2026-06-22,PHC005,M008,Antacid,21,25,-4,4
2026-06-23,PHC005,M008,Antacid,34,24,10,10
2026-06-24,PHC005,M008,Antacid,27,25,2,2
2026-06-25,PHC005,M008,Antacid,21,25,-4,4
2026-06-26,PHC005,M008,Antacid,17,25,-8,8
2026-06-27,PHC005,M008,Antacid,23,24,-1,1
2026-06-28,PHC005,M008,Antacid,29,24,5,5
2026-06-29,PHC005,M008,Antacid,24,24,0,0
2026-06-30,PHC005,M008,Antacid,33,24,9,9
2026-05-28,PHC006,M001,Paracetamol,76,92,-16,16
2026-05-29,PHC006,M001,Paracetamol,66,88,-22,22
2026-05-30,PHC006,M001,Paracetamol,95,85,10,10
2026-05-31,PHC006,M001,Paracetamol,86,85,1,1
2026-06-01,PHC006,M001,Paracetamol,84,85,-1,1
2026-06-02,PHC006,M001,Paracetamol,107,84,23,23
2026-06-03,PHC006,M001,Paracetamol,76,86,-10,10
2026-06-04,PHC006,M001,Paracetamol,83,84,-1,1
2026-06-05,PHC006,M001,Paracetamol,87,84,3,3
2026-06-06,PHC006,M001,Paracetamol,95,84,11,11
2026-06-07,PHC006,M001,Paracetamol,90,85,5,5
2026-06-08,PHC006,M001,Paracetamol,92,85,7,7
2026-06-09,PHC006,M001,Paracetamol,90,85,5,5
2026-06-10,PHC006,M001,Paracetamol,88,86,2,2
2026-06-11,PHC006,M001,Paracetamol,73,86,-13,13
2026-06-12,PHC006,M001,Paracetamol,88,86,2,2
2026-06-13,PHC006,M001,Paracetamol,79,86,-7,7
2026-06-14,PHC006,M001,Paracetamol,91,85,6,6
2026-06-15,PHC006,M001,Paracetamol,99,86,13,13
2026-06-16,PHC006,M001,Paracetamol,90,86,4,4
2026-06-17,PHC006,M001,Paracetamol,95,86,9,9
2026-06-18,PHC006,M001,Paracetamol,76,87,-11,11
2026-06-19,PHC006,M001,Paracetamol,100,86,14,14
2026-06-20,PHC006,M001,Paracetamol,107,88,19,19
2026-06-21,PHC006,M001,Paracetamol,105,89,16,16
2026-06-22,PHC006,M001,Paracetamol,98,90,8,8
2026-06-23,PHC006,M001,Paracetamol,87,91,-4,4
2026-06-24,PHC006,M001,Paracetamol,112,90,22,22
2026-06-25,PHC006,M001,Paracetamol,91,93,-2,2
2026-06-26,PHC006,M001,Paracetamol,94,93,1,1
2026-06-27,PHC006,M001,Paracetamol,102,94,8,8
2026-06-28,PHC006,M001,Paracetamol,135,95,40,40
2026-06-29,PHC006,M001,Paracetamol,96,99,-3,3
2026-06-30,PHC006,M001,Paracetamol,88,98,-10,10
2026-05-28,PHC006,M002,ORS,107,97,10,10
2026-05-29,PHC006,M002,ORS,270,98,172,172
2026-05-30,PHC006,M002,ORS,112,116,-4,4
2026-05-31,PHC006,M002,ORS,108,113,-5,5
2026-06-01,PHC006,M002,ORS,109,113,-4,4
2026-06-02,PHC006,M002,ORS,93,114,-21,21
2026-06-03,PHC006,M002,ORS,94,113,-19,19
2026-06-04,PHC006,M002,ORS,87,113,-26,26
2026-06-05,PHC006,M002,ORS,111,110,1,1
2026-06-06,PHC006,M002,ORS,98,109,-11,11
2026-06-07,PHC006,M002,ORS,99,109,-10,10
2026-06-08,PHC006,M002,ORS,96,108,-12,12
2026-06-09,PHC006,M002,ORS,117,107,10,10
2026-06-10,PHC006,M002,ORS,114,110,4,4
2026-06-11,PHC006,M002,ORS,77,111,-34,34
2026-06-12,PHC006,M002,ORS,94,101,-7,7
2026-06-13,PHC006,M002,ORS,110,98,12,12
2026-06-14,PHC006,M002,ORS,98,99,-1,1
2026-06-15,PHC006,M002,ORS,103,98,5,5
2026-06-16,PHC006,M002,ORS,113,98,15,15
2026-06-17,PHC006,M002,ORS,106,99,7,7
2026-06-18,PHC006,M002,ORS,96,100,-4,4
2026-06-19,PHC006,M002,ORS,95,100,-5,5
2026-06-20,PHC006,M002,ORS,92,99,-7,7
2026-06-21,PHC006,M002,ORS,114,99,15,15
2026-06-22,PHC006,M002,ORS,99,100,-1,1
2026-06-23,PHC006,M002,ORS,100,99,1,1
2026-06-24,PHC006,M002,ORS,90,98,-8,8
2026-06-25,PHC006,M002,ORS,99,97,2,2
2026-06-26,PHC006,M002,ORS,93,98,-5,5
2026-06-27,PHC006,M002,ORS,96,97,-1,1
2026-06-28,PHC006,M002,ORS,115,97,18,18
2026-06-29,PHC006,M002,ORS,118,98,20,20
2026-06-30,PHC006,M002,ORS,128,99,29,29
2026-05-28,PHC006,M003,Amoxicillin,37,39,-2,2
2026-05-29,PHC006,M003,Amoxicillin,43,38,5,5
2026-05-30,PHC006,M003,Amoxicillin,48,38,10,10
2026-05-31,PHC006,M003,Amoxicillin,63,39,24,24
2026-06-01,PHC006,M003,Amoxicillin,53,41,12,12
2026-06-02,PHC006,M003,Amoxicillin,49,43,6,6
2026-06-03,PHC006,M003,Amoxicillin,50,44,6,6
2026-06-04,PHC006,M003,Amoxicillin,47,46,1,1
2026-06-05,PHC006,M003,Amoxicillin,46,46,0,0
2026-06-06,PHC006,M003,Amoxicillin,43,47,-4,4
2026-06-07,PHC006,M003,Amoxicillin,41,46,-5,5
2026-06-08,PHC006,M003,Amoxicillin,51,46,5,5
2026-06-09,PHC006,M003,Amoxicillin,41,46,-5,5
2026-06-10,PHC006,M003,Amoxicillin,47,46,1,1
2026-06-11,PHC006,M003,Amoxicillin,43,47,-4,4
2026-06-12,PHC006,M003,Amoxicillin,50,47,3,3
2026-06-13,PHC006,M003,Amoxicillin,46,47,-1,1
2026-06-14,PHC006,M003,Amoxicillin,41,47,-6,6
2026-06-15,PHC006,M003,Amoxicillin,56,45,11,11
2026-06-16,PHC006,M003,Amoxicillin,107,46,61,61
2026-06-17,PHC006,M003,Amoxicillin,46,53,-7,7
2026-06-18,PHC006,M003,Amoxicillin,47,51,-4,4
2026-06-19,PHC006,M003,Amoxicillin,40,51,-11,11
2026-06-20,PHC006,M003,Amoxicillin,37,51,-14,14
2026-06-21,PHC006,M003,Amoxicillin,53,50,3,3
2026-06-22,PHC006,M003,Amoxicillin,36,51,-15,15
2026-06-23,PHC006,M003,Amoxicillin,36,49,-13,13
2026-06-24,PHC006,M003,Amoxicillin,35,47,-12,12
2026-06-25,PHC006,M003,Amoxicillin,38,46,-8,8
2026-06-26,PHC006,M003,Amoxicillin,57,45,12,12
2026-06-27,PHC006,M003,Amoxicillin,46,47,-1,1
2026-06-28,PHC006,M003,Amoxicillin,55,47,8,8
2026-06-29,PHC006,M003,Amoxicillin,50,47,3,3
2026-06-30,PHC006,M003,Amoxicillin,57,45,12,12
2026-05-28,PHC006,M004,Cetirizine,56,46,10,10
2026-05-29,PHC006,M004,Cetirizine,126,47,79,79
2026-05-30,PHC006,M004,Cetirizine,41,55,-14,14
2026-05-31,PHC006,M004,Cetirizine,48,52,-4,4
2026-06-01,PHC006,M004,Cetirizine,46,53,-7,7
2026-06-02,PHC006,M004,Cetirizine,52,54,-2,2
2026-06-03,PHC006,M004,Cetirizine,50,54,-4,4
2026-06-04,PHC006,M004,Cetirizine,43,54,-11,11
2026-06-05,PHC006,M004,Cetirizine,43,53,-10,10
2026-06-06,PHC006,M004,Cetirizine,47,51,-4,4
2026-06-07,PHC006,M004,Cetirizine,36,51,-15,15
2026-06-08,PHC006,M004,Cetirizine,59,50,9,9
2026-06-09,PHC006,M004,Cetirizine,32,52,-20,20
2026-06-10,PHC006,M004,Cetirizine,49,50,-1,1
2026-06-11,PHC006,M004,Cetirizine,38,50,-12,12
2026-06-12,PHC006,M004,Cetirizine,44,46,-2,2
2026-06-13,PHC006,M004,Cetirizine,32,45,-13,13
2026-06-14,PHC006,M004,Cetirizine,52,43,9,9
2026-06-15,PHC006,M004,Cetirizine,50,44,6,6
2026-06-16,PHC006,M004,Cetirizine,45,44,1,1
2026-06-17,PHC006,M004,Cetirizine,59,44,15,15
2026-06-18,PHC006,M004,Cetirizine,38,45,-7,7
2026-06-19,PHC006,M004,Cetirizine,47,45,2,2
2026-06-20,PHC006,M004,Cetirizine,47,45,2,2
2026-06-21,PHC006,M004,Cetirizine,45,46,-1,1
2026-06-22,PHC006,M004,Cetirizine,52,45,7,7
2026-06-23,PHC006,M004,Cetirizine,48,46,2,2
2026-06-24,PHC006,M004,Cetirizine,49,46,3,3
2026-06-25,PHC006,M004,Cetirizine,48,46,2,2
2026-06-26,PHC006,M004,Cetirizine,51,47,4,4
2026-06-27,PHC006,M004,Cetirizine,65,48,17,17
2026-06-28,PHC006,M004,Cetirizine,38,50,-12,12
2026-06-29,PHC006,M004,Cetirizine,45,48,-3,3
2026-06-30,PHC006,M004,Cetirizine,63,48,15,15
2026-05-28,PHC006,M005,Ibuprofen,50,52,-2,2
2026-05-29,PHC006,M005,Ibuprofen,49,51,-2,2
2026-05-30,PHC006,M005,Ibuprofen,50,50,0,0
2026-05-31,PHC006,M005,Ibuprofen,52,51,1,1
2026-06-01,PHC006,M005,Ibuprofen,60,51,9,9
2026-06-02,PHC006,M005,Ibuprofen,46,51,-5,5
2026-06-03,PHC006,M005,Ibuprofen,45,51,-6,6
2026-06-04,PHC006,M005,Ibuprofen,46,51,-5,5
2026-06-05,PHC006,M005,Ibuprofen,44,50,-6,6
2026-06-06,PHC006,M005,Ibuprofen,44,49,-5,5
2026-06-07,PHC006,M005,Ibuprofen,53,48,5,5
2026-06-08,PHC006,M005,Ibuprofen,66,48,18,18
2026-06-09,PHC006,M005,Ibuprofen,55,50,5,5
2026-06-10,PHC006,M005,Ibuprofen,60,50,10,10
2026-06-11,PHC006,M005,Ibuprofen,47,52,-5,5
2026-06-12,PHC006,M005,Ibuprofen,50,51,-1,1
2026-06-13,PHC006,M005,Ibuprofen,64,52,12,12
2026-06-14,PHC006,M005,Ibuprofen,52,53,-1,1
2026-06-15,PHC006,M005,Ibuprofen,47,52,-5,5
2026-06-16,PHC006,M005,Ibuprofen,61,51,10,10
2026-06-17,PHC006,M005,Ibuprofen,60,53,7,7
2026-06-18,PHC006,M005,Ibuprofen,68,54,14,14
2026-06-19,PHC006,M005,Ibuprofen,55,56,-1,1
2026-06-20,PHC006,M005,Ibuprofen,56,56,0,0
2026-06-21,PHC006,M005,Ibuprofen,37,56,-19,19
2026-06-22,PHC006,M005,Ibuprofen,42,54,-12,12
2026-06-23,PHC006,M005,Ibuprofen,61,53,8,8
2026-06-24,PHC006,M005,Ibuprofen,64,53,11,11
2026-06-25,PHC006,M005,Ibuprofen,46,54,-8,8
2026-06-26,PHC006,M005,Ibuprofen,45,53,-8,8
2026-06-27,PHC006,M005,Ibuprofen,47,52,-5,5
2026-06-28,PHC006,M005,Ibuprofen,49,52,-3,3
2026-06-29,PHC006,M005,Ibuprofen,62,52,10,10
2026-06-30,PHC006,M005,Ibuprofen,57,53,4,4
2026-05-28,PHC006,M006,Azithromycin,32,25,7,7
2026-05-29,PHC006,M006,Azithromycin,19,26,-7,7
2026-05-30,PHC006,M006,Azithromycin,25,26,-1,1
2026-05-31,PHC006,M006,Azithromycin,24,25,-1,1
2026-06-01,PHC006,M006,Azithromycin,18,25,-7,7
2026-06-02,PHC006,M006,Azithromycin,22,24,-2,2
2026-06-03,PHC006,M006,Azithromycin,24,24,0,0
2026-06-04,PHC006,M006,Azithromycin,26,24,2,2
2026-06-05,PHC006,M006,Azithromycin,22,25,-3,3
2026-06-06,PHC006,M006,Azithromycin,24,25,-1,1
2026-06-07,PHC006,M006,Azithromycin,27,25,2,2
2026-06-08,PHC006,M006,Azithromycin,61,24,37,37
2026-06-09,PHC006,M006,Azithromycin,26,28,-2,2
2026-06-10,PHC006,M006,Azithromycin,23,28,-5,5
2026-06-11,PHC006,M006,Azithromycin,31,28,3,3
2026-06-12,PHC006,M006,Azithromycin,19,28,-9,9
2026-06-13,PHC006,M006,Azithromycin,17,28,-11,11
2026-06-14,PHC006,M006,Azithromycin,29,27,2,2
2026-06-15,PHC006,M006,Azithromycin,27,27,0,0
2026-06-16,PHC006,M006,Azithromycin,27,27,0,0
2026-06-17,PHC006,M006,Azithromycin,26,27,-1,1
2026-06-18,PHC006,M006,Azithromycin,28,27,1,1
2026-06-19,PHC006,M006,Azithromycin,25,28,-3,3
2026-06-20,PHC006,M006,Azithromycin,25,28,-3,3
2026-06-21,PHC006,M006,Azithromycin,36,28,8,8
2026-06-22,PHC006,M006,Azithromycin,24,27,-3,3
2026-06-23,PHC006,M006,Azithromycin,23,26,-3,3
2026-06-24,PHC006,M006,Azithromycin,28,26,2,2
2026-06-25,PHC006,M006,Azithromycin,19,26,-7,7
2026-06-26,PHC006,M006,Azithromycin,23,26,-3,3
2026-06-27,PHC006,M006,Azithromycin,21,26,-5,5
2026-06-28,PHC006,M006,Azithromycin,26,25,1,1
2026-06-29,PHC006,M006,Azithromycin,30,25,5,5
2026-06-30,PHC006,M006,Azithromycin,28,26,2,2
2026-05-28,PHC006,M007,Iron Tablets,56,42,14,14
2026-05-29,PHC006,M007,Iron Tablets,40,44,-4,4
2026-05-30,PHC006,M007,Iron Tablets,48,41,7,7
2026-05-31,PHC006,M007,Iron Tablets,47,41,6,6
2026-06-01,PHC006,M007,Iron Tablets,47,43,4,4
2026-06-02,PHC006,M007,Iron Tablets,42,43,-1,1
2026-06-03,PHC006,M007,Iron Tablets,37,43,-6,6
2026-06-04,PHC006,M007,Iron Tablets,50,43,7,7
2026-06-05,PHC006,M007,Iron Tablets,42,44,-2,2
2026-06-06,PHC006,M007,Iron Tablets,36,44,-8,8
2026-06-07,PHC006,M007,Iron Tablets,33,43,-10,10
2026-06-08,PHC006,M007,Iron Tablets,54,41,13,13
2026-06-09,PHC006,M007,Iron Tablets,42,43,-1,1
2026-06-10,PHC006,M007,Iron Tablets,44,43,1,1
2026-06-11,PHC006,M007,Iron Tablets,45,43,2,2
2026-06-12,PHC006,M007,Iron Tablets,44,43,1,1
2026-06-13,PHC006,M007,Iron Tablets,40,43,-3,3
2026-06-14,PHC006,M007,Iron Tablets,51,43,8,8
2026-06-15,PHC006,M007,Iron Tablets,46,44,2,2
2026-06-16,PHC006,M007,Iron Tablets,36,43,-7,7
2026-06-17,PHC006,M007,Iron Tablets,53,43,10,10
2026-06-18,PHC006,M007,Iron Tablets,43,44,-1,1
2026-06-19,PHC006,M007,Iron Tablets,52,44,8,8
2026-06-20,PHC006,M007,Iron Tablets,32,45,-13,13
2026-06-21,PHC006,M007,Iron Tablets,39,44,-5,5
2026-06-22,PHC006,M007,Iron Tablets,41,43,-2,2
2026-06-23,PHC006,M007,Iron Tablets,38,43,-5,5
2026-06-24,PHC006,M007,Iron Tablets,45,42,3,3
2026-06-25,PHC006,M007,Iron Tablets,43,42,1,1
2026-06-26,PHC006,M007,Iron Tablets,56,42,14,14
2026-06-27,PHC006,M007,Iron Tablets,51,44,7,7
2026-06-28,PHC006,M007,Iron Tablets,46,44,2,2
2026-06-29,PHC006,M007,Iron Tablets,46,44,2,2
2026-06-30,PHC006,M007,Iron Tablets,60,45,15,15
2026-05-28,PHC006,M008,Antacid,50,45,5,5
2026-05-29,PHC006,M008,Antacid,46,45,1,1
2026-05-30,PHC006,M008,Antacid,33,45,-12,12
2026-05-31,PHC006,M008,Antacid,34,44,-10,10
2026-06-01,PHC006,M008,Antacid,59,44,15,15
2026-06-02,PHC006,M008,Antacid,40,45,-5,5
2026-06-03,PHC006,M008,Antacid,52,44,8,8
2026-06-04,PHC006,M008,Antacid,35,45,-10,10
2026-06-05,PHC006,M008,Antacid,49,44,5,5
2026-06-06,PHC006,M008,Antacid,46,44,2,2
2026-06-07,PHC006,M008,Antacid,58,45,13,13
2026-06-08,PHC006,M008,Antacid,40,46,-6,6
2026-06-09,PHC006,M008,Antacid,47,45,2,2
2026-06-10,PHC006,M008,Antacid,40,46,-6,6
2026-06-11,PHC006,M008,Antacid,42,45,-3,3
2026-06-12,PHC006,M008,Antacid,52,44,8,8
2026-06-13,PHC006,M008,Antacid,38,46,-8,8
2026-06-14,PHC006,M008,Antacid,50,45,5,5
2026-06-15,PHC006,M008,Antacid,62,45,17,17
2026-06-16,PHC006,M008,Antacid,49,47,2,2
2026-06-17,PHC006,M008,Antacid,51,47,4,4
2026-06-18,PHC006,M008,Antacid,57,48,9,9
2026-06-19,PHC006,M008,Antacid,40,49,-9,9
2026-06-20,PHC006,M008,Antacid,49,48,1,1
2026-06-21,PHC006,M008,Antacid,47,48,-1,1
2026-06-22,PHC006,M008,Antacid,47,48,-1,1
2026-06-23,PHC006,M008,Antacid,50,48,2,2
2026-06-24,PHC006,M008,Antacid,48,48,0,0
2026-06-25,PHC006,M008,Antacid,57,48,9,9
2026-06-26,PHC006,M008,Antacid,46,49,-3,3
2026-06-27,PHC006,M008,Antacid,37,49,-12,12
2026-06-28,PHC006,M008,Antacid,62,48,14,14
2026-06-29,PHC006,M008,Antacid,49,49,0,0
2026-06-30,PHC006,M008,Antacid,51,49,2,2
